{"intercept": 0.5416739982041596, "_status": {"TerminalGrou/dd8b8222/lmp_to_gmx/0000/0424a642c7b313a0d4496c0e995670d6": 1, "TerminalGrou/dd8b8222/mdrun_compre/0000/4ac9661464c6f9a72eb7f4fcb31e2405": 1, "TerminalGrou/dd8b8222/calc_cof/0000/88a2f116db3d1600346fa924b121ca22": 1, "TerminalGrou/dd8b8222/compress_gro/0000/436ed83c915dd7f037d6310aa882fec4": 1, "TerminalGrou/dd8b8222/shear_25nN_x/0000/c6045ee259a0f477ee54ab526d74c928": 1, "TerminalGrou/dd8b8222/fix_overlaps/0000/e0102397e62fd457da9b286933e55b60": 1, "TerminalGrou/dd8b8222/mdrun_shear_/0000/0a9c5319286d6275200774b61bc6040d": 1, "TerminalGrou/dd8b8222/mdrun_shear_/0000/daadfd03d1fbd8f5337c52bfee8f20b9": 1, "TerminalGrou/dd8b8222/shear_15nN_x/0000/945da645a935a35f2f502e474cc26576": 1, "TerminalGrou/dd8b8222/mdrun_shear_/0000/e21e43ebfa9671f3c0d29c15ecaf0633": 1, "TerminalGrou/dd8b8222/nvt_equil_gr/0000/cdae71510904a13bbf8ef81f574448ae": 1, "TerminalGrou/dd8b8222/shear_25nN_t/0000/0693a4c433c6b592b7c0206b9b5c0b9a": 1, "TerminalGrou/dd8b8222/shear_5nN_tr/0000/e36a1b72824f2511a1e55086b814e66d": 1, "TerminalGrou/dd8b8222/shear_5nN_gr/0000/9dbdb1106b977b61532f7618ff1b41ec": 1, "TerminalGrou/dd8b8222/mdrun_nvt/0000/5f4757262e2ccd0ad1245d107219bf93": 1, "TerminalGrou/dd8b8222/mdrun_em/0000/80ba5c5e7d73be022aca7bd5511b3089": 1, "TerminalGrou/dd8b8222/em_grompp/0000/ee5aae22928cdc3231908f8870d4df56": 1, "TerminalGrou/dd8b8222/shear_25nN_g/0000/cc3e4606efa6f96af6813798bda4dd88": 1, "TerminalGrou/dd8b8222/shear_15nN_t/0000/94b421667aa4540b5b8b4931c8de0f8f": 1, "TerminalGrou/dd8b8222/shear_5nN_xt/0000/65156f8230dd27ac6c1673dd2bf6b92b": 1, "TerminalGrou/dd8b8222/initialize_s/0000/a09d46a0a5e10ed515c1fd8219b7f651": 1, "TerminalGrou/dd8b8222/calc_frictio/0000/9fc4468ba7e9ad6c211d1cef74f2603d": 1, "TerminalGrou/dd8b8222/shear_15nN_g/0000/db334e5066bf656750edb1ab230bbb29": 1}, "COF": 0.15730662990402394}