{"intercept": 2.77814072078574, "_status": {"TerminalGrou/94cf3caf/lmp_to_gmx/0000/8781d0701f671c5c51be07b5a88dbe43": 1, "TerminalGrou/94cf3caf/mdrun_shear_/0000/67b62505f07e43bdc2e58701d3ae85d6": 1, "TerminalGrou/94cf3caf/mdrun_compre/0000/bd28cafc232d4ea8a534ee38162e4113": 1, "TerminalGrou/94cf3caf/nvt_equil_gr/0000/c5e2b1b35192602cc5cc9c96598bf15a": 1, "TerminalGrou/94cf3caf/shear_15nN_g/0000/2d1545df0ed953e31566e75931a7feed": 1, "TerminalGrou/94cf3caf/em_grompp/0000/203938329f2f3c3659c6c1fd4822c2da": 1, "TerminalGrou/94cf3caf/calc_cof/0000/5ddb7f5e2ead58610d880a5b2a837618": 1, "TerminalGrou/94cf3caf/shear_15nN_x/0000/b3686cffc01c3886f89d00bacdb6db5a": 1, "TerminalGrou/94cf3caf/fix_overlaps/0000/d5c081057b6603ab3b94d3db6cd0c064": 1, "TerminalGrou/94cf3caf/calc_frictio/0000/1f7bbe6d191e060b17df18652b26e5c1": 1, "TerminalGrou/94cf3caf/shear_25nN_x/0000/6edb359a7fd1e976742b590b14c8c087": 1, "TerminalGrou/94cf3caf/mdrun_nvt/0000/0eb7cb3798bd3a4be2248dff6c4b0035": 1, "TerminalGrou/94cf3caf/mdrun_shear_/0000/1dece66ebdd54a40a720565768dc92ef": 1, "TerminalGrou/94cf3caf/compress_gro/0000/b891a01ee768aa3e9fec25b4ec2acda7": 1, "TerminalGrou/94cf3caf/shear_5nN_tr/0000/ca87f9cf6058266f44e806985c2e8b3b": 1, "TerminalGrou/94cf3caf/shear_25nN_t/0000/dafa3a08f73f72019c5bf3baf6332189": 1, "TerminalGrou/94cf3caf/shear_15nN_t/0000/04a92658e5af120a44faa105318d4f92": 1, "TerminalGrou/94cf3caf/mdrun_shear_/0000/1acb5044463de17ad4f48019a9447866": 1, "TerminalGrou/94cf3caf/initialize_s/0000/d84b2d917536730e99241e5dd1f05395": 1, "TerminalGrou/94cf3caf/shear_5nN_xt/0000/e6f15731e9e03905e1229371911a8ca6": 1, "TerminalGrou/94cf3caf/shear_25nN_g/0000/a79f306ca1223544ea5bc42d0c644616": 1, "TerminalGrou/94cf3caf/mdrun_em/0000/d23338fc5287434a17a68c0d50b7158b": 1, "TerminalGrou/94cf3caf/shear_5nN_gr/0000/7ec4f47bf394a464dcfd5d4e3612c5eb": 1}, "COF": 0.13019431487313043}