{"intercept": 0.9222826515218712, "_status": {"TerminalGrou/8a06b388/compress_gro/0000/29e9d3b86371d97cf7d42efe97f4f845": 1, "TerminalGrou/8a06b388/em_grompp/0000/633b8c91003d508f0bcad082333016dc": 1, "TerminalGrou/8a06b388/shear_5nN_gr/0000/5912a79113d4e11a28d00e051695b930": 1, "TerminalGrou/8a06b388/mdrun_nvt/0000/bf81b1bd0536f19e4795f392dbd6e75b": 1, "TerminalGrou/8a06b388/shear_5nN_xt/0000/34417c314bbc4495c7d676c6a6533045": 1, "TerminalGrou/8a06b388/shear_15nN_t/0000/9be241f7e7fbaec12b1eaba6f6f9b8ef": 1, "TerminalGrou/8a06b388/mdrun_em/0000/f110d67ae3067b3e6eeb7e3dfd4f3544": 1, "TerminalGrou/8a06b388/lmp_to_gmx/0000/1297cb4b34df9f1703422b807cd794f2": 1, "TerminalGrou/8a06b388/shear_15nN_x/0000/7d1620a9c48bcf22c3301ce40b8874fc": 1, "TerminalGrou/8a06b388/calc_cof/0000/3f15570875c792e4898f1a71c694625d": 1, "TerminalGrou/8a06b388/mdrun_shear_/0000/912b32101015d32524efc7323c05b99d": 1, "TerminalGrou/8a06b388/shear_25nN_g/0000/989e41bea222ce1ccc1426792f67b2a7": 1, "TerminalGrou/8a06b388/mdrun_shear_/0000/84b9fbbf7952ee7679428b9e0e5895c6": 1, "TerminalGrou/8a06b388/fix_overlaps/0000/6a6b92dfa1a36bdb80843b6ccb3274e8": 1, "TerminalGrou/8a06b388/shear_25nN_t/0000/d6fba93c4133b1a8b22b3797f3fb87d1": 1, "TerminalGrou/8a06b388/shear_5nN_tr/0000/e19816159afdfa9f86a97e1b97e62f6f": 1, "TerminalGrou/8a06b388/calc_frictio/0000/6f1c69d003b3ff6d1c810d4bb317c3c0": 1, "TerminalGrou/8a06b388/nvt_equil_gr/0000/f428eb6b7a961252b0e4d5195a1af7d4": 1, "TerminalGrou/8a06b388/shear_25nN_x/0000/cc42117c8cf01669c268287b6877c282": 1, "TerminalGrou/8a06b388/shear_15nN_g/0000/69a25cb716a92ddf54eee6c86d43ebf8": 1, "TerminalGrou/8a06b388/initialize_s/0000/5900438583bf31310f83fec5eb151646": 1, "TerminalGrou/8a06b388/mdrun_compre/0000/039fd8c2d5d2b4093b6d2c26753777dc": 1, "TerminalGrou/8a06b388/mdrun_shear_/0000/ee5229a5ab6cf3af271443a6e9a23043": 1}, "COF": 0.14956122756176782}