{"intercept": 3.291691635998813, "_status": {"TerminalGrou/62e8b4e9/lmp_to_gmx/0000/9e1f58be16306e9b25ab66889b319ff1": 1, "TerminalGrou/62e8b4e9/shear_25nN_x/0000/af8f41c5be40d6d92654d14f7432289d": 1, "TerminalGrou/62e8b4e9/shear_5nN_xt/0000/21372a9ea4d613343bd4a7a4551107ad": 1, "TerminalGrou/62e8b4e9/mdrun_nvt/0000/fc14270c401105bac4590ff85525923c": 1, "TerminalGrou/62e8b4e9/shear_15nN_g/0000/05b05782dadb18add34ba117c1919563": 1, "TerminalGrou/62e8b4e9/shear_25nN_g/0000/0e4a882f6038017a281a0408f8b4e156": 1, "TerminalGrou/62e8b4e9/shear_15nN_t/0000/dc55b01ed55c480b6f5c83a2a8375ed0": 1, "TerminalGrou/62e8b4e9/em_grompp/0000/846e65136577acbcdba93d3ea7874b6a": 1, "TerminalGrou/62e8b4e9/initialize_s/0000/3c4d38d6eae4ff7e474de66e7bf6de37": 1, "TerminalGrou/62e8b4e9/calc_frictio/0000/5df2aa5c0abd1f705c81b54c930f041c": 1, "TerminalGrou/62e8b4e9/nvt_equil_gr/0000/948c988408b98bb337ccd50a7d178b26": 1, "TerminalGrou/62e8b4e9/shear_15nN_x/0000/e271281fcb1071732213479935ff742e": 1, "TerminalGrou/62e8b4e9/mdrun_em/0000/130810013490d724a75ce49567245285": 1, "TerminalGrou/62e8b4e9/compress_gro/0000/3313737644300e4bddc543b705bd8234": 1, "TerminalGrou/62e8b4e9/fix_overlaps/0000/581b9bf5fe4695224819fcab4dbbc6b5": 1, "TerminalGrou/62e8b4e9/mdrun_shear_/0000/a3acf3d5d4b43b10fc49c04a43498386": 1, "TerminalGrou/62e8b4e9/mdrun_shear_/0000/e54564b35b01e595f2e2db871c8fb266": 1, "TerminalGrou/62e8b4e9/shear_5nN_gr/0000/7c323c4cea3a11404ce8489872b134d9": 1, "TerminalGrou/62e8b4e9/mdrun_shear_/0000/4fd2ebe2c11a7e2c6adc28eca4de3aa6": 1, "TerminalGrou/62e8b4e9/shear_5nN_tr/0000/e530402feb4fd29fca1b348d3f3ca185": 1, "TerminalGrou/62e8b4e9/shear_25nN_t/0000/9c06c59bb280907ddcb34b438a569c68": 1, "TerminalGrou/62e8b4e9/mdrun_compre/0000/fe3c5e8dac01757c71c5c42ec6421f6e": 1, "TerminalGrou/62e8b4e9/calc_cof/0000/63fc2082c7005b60e0ef1130343c3389": 1}, "COF": 0.13181990823118836}