{"intercept": 1.1286291834888713, "_status": {"TerminalGrou/0f010d17/calc_frictio/0000/7a8432f472a1693ea0880e19cebca01b": 1, "TerminalGrou/0f010d17/compress_gro/0000/f5337d37986868b5737ecb38c757e7b7": 1, "TerminalGrou/0f010d17/mdrun_shear_/0000/0326449fce9b0b22f2ab4a1a5630417f": 1, "TerminalGrou/0f010d17/shear_25nN_t/0000/e2ebcb5c518b953efa0b9c16d1b07883": 1, "TerminalGrou/0f010d17/shear_5nN_tr/0000/767e9c0297896830c14360954e09b88f": 1, "TerminalGrou/0f010d17/shear_15nN_x/0000/aad22db416eb57f5615ec95fe5737877": 1, "TerminalGrou/0f010d17/mdrun_em/0000/5cc0d0391194aa5d5e33cf19ce449446": 1, "TerminalGrou/0f010d17/calc_cof/0000/a33494a20f0ed051d0c31aed27e8312c": 1, "TerminalGrou/0f010d17/fix_overlaps/0000/ad326bcd21c6b5941f90b114817f057b": 1, "TerminalGrou/0f010d17/mdrun_shear_/0000/daefa5fdcdea2023b941b83e41a86ee2": 1, "TerminalGrou/0f010d17/initialize_s/0000/037cee6e59ea6655caf628129aeb266a": 1, "TerminalGrou/0f010d17/shear_25nN_x/0000/022e4172d49f1d5216eef9cfeb06fd88": 1, "TerminalGrou/0f010d17/mdrun_shear_/0000/412f1de91ab63ee9060ce03b54e8d2f3": 1, "TerminalGrou/0f010d17/shear_15nN_g/0000/503d8868354e4fd1f3167f33c0676b7a": 1, "TerminalGrou/0f010d17/lmp_to_gmx/0000/b12b4e2054b5cb0ca7ca302753a6f441": 1, "TerminalGrou/0f010d17/shear_15nN_t/0000/6dc73e0fae9df93b8f069ce47dfd758e": 1, "TerminalGrou/0f010d17/shear_5nN_gr/0000/2def9d12f6c069279f8a465a5f259bc5": 1, "TerminalGrou/0f010d17/em_grompp/0000/3a24b32b7af8b1e135cb108914729e5e": 1, "TerminalGrou/0f010d17/nvt_equil_gr/0000/23bd3a8dc00a9a4daf595f71facc4b97": 1, "TerminalGrou/0f010d17/mdrun_nvt/0000/4313fefbb6cb2b7ccf1e25cbc51397ab": 1, "TerminalGrou/0f010d17/shear_5nN_xt/0000/cc48bac1dcd081dd19baacc4400dcbaa": 1, "TerminalGrou/0f010d17/mdrun_compre/0000/cb032cc5db7078747a4435fbe3afa611": 1, "TerminalGrou/0f010d17/shear_25nN_g/0000/737ecfb65aacab29a2dbf0c4ac42399c": 1}, "COF": 0.13439918324675357}