{"intercept": 0.7722707930377828, "_status": {"TerminalGrou/09f4b7bc/mdrun_shear_/0000/6a95bb40d4f65fa83ebd8e87128e4551": 1, "TerminalGrou/09f4b7bc/shear_5nN_gr/0000/52d6384948edde8eda27696851dd2ed0": 1, "TerminalGrou/09f4b7bc/shear_15nN_t/0000/7b13d4a0fbd984eb52f9c040b659dc83": 1, "TerminalGrou/09f4b7bc/shear_25nN_x/0000/79e49bd3eb41bcfb20d381dca14cf46a": 1, "TerminalGrou/09f4b7bc/shear_25nN_g/0000/dfecd2cda83e4fbbdb758b588ec4c616": 1, "TerminalGrou/09f4b7bc/fix_overlaps/0000/86a457e3f90d141028f0be2eb6a84ae7": 1, "TerminalGrou/09f4b7bc/mdrun_nvt/0000/3c94c3aec7bee3688c3b7c4787bdf4a6": 1, "TerminalGrou/09f4b7bc/shear_15nN_g/0000/11a304b3bbd3c689d8f9353a0f213196": 1, "TerminalGrou/09f4b7bc/mdrun_shear_/0000/3aa0fce06cd367f9f6d2749c98027259": 1, "TerminalGrou/09f4b7bc/calc_cof/0000/fb21638f29bd998dd88a195c04f75848": 1, "TerminalGrou/09f4b7bc/nvt_equil_gr/0000/fb4dc00abcdc925112f7b893d1ce1878": 1, "TerminalGrou/09f4b7bc/em_grompp/0000/cbdcfe07593685db101f173340bb939e": 1, "TerminalGrou/09f4b7bc/shear_25nN_t/0000/af566f2d26ada03fd8c27900bbe1669a": 1, "TerminalGrou/09f4b7bc/shear_15nN_x/0000/8d916795404885e327aba6baa3bd0207": 1, "TerminalGrou/09f4b7bc/compress_gro/0000/8193e8c528512b1cdd23fceb9e83353c": 1, "TerminalGrou/09f4b7bc/shear_5nN_tr/0000/e47b73eddcf0d92c3fd1b1a9746a411c": 1, "TerminalGrou/09f4b7bc/lmp_to_gmx/0000/455c6869eb175a5a135068c8b7e11992": 1, "TerminalGrou/09f4b7bc/shear_5nN_xt/0000/c20ad2c9a0322bf233082abdae9b88f7": 1, "TerminalGrou/09f4b7bc/calc_frictio/0000/ccc6dc081aa354fd8e8e671cefe61c05": 1, "TerminalGrou/09f4b7bc/mdrun_shear_/0000/dbb6a54407303807b9669c8405476243": 1, "TerminalGrou/09f4b7bc/mdrun_em/0000/791c7524b861e648203b39cb75de0d69": 1, "TerminalGrou/09f4b7bc/initialize_s/0000/98061697ac05bfb8cc158faedd678fc9": 1, "TerminalGrou/09f4b7bc/mdrun_compre/0000/dd21efda0b1373d2abb733532fb8ed16": 1}, "COF": 0.13084484740982283}