{"intercept": 1.4726035030645725, "_status": {"TerminalGrou/7f6dc945/lmp_to_gmx/0000/30cada4692f41d647a9a4cb35bd13813": 1, "TerminalGrou/7f6dc945/calc_cof/0000/8b1a94db243bb0cb9dbfa1e335fe5459": 1, "TerminalGrou/7f6dc945/shear_25nN_x/0000/488dcd284721d6d1358fe6e2ae67b05d": 1, "TerminalGrou/7f6dc945/shear_5nN_gr/0000/f73cb8c06dee0c137597c990069c5bf0": 1, "TerminalGrou/7f6dc945/shear_15nN_t/0000/b1bc8f1dbe0783a89eb021c445395fb7": 1, "TerminalGrou/7f6dc945/mdrun_shear_/0000/53fce169ee9e8e3f5b8dc5e7ad254107": 1, "TerminalGrou/7f6dc945/shear_5nN_tr/0000/4410057191845370ef7f1bc4b1d46a49": 1, "TerminalGrou/7f6dc945/mdrun_nvt/0000/47f769c8591fa6eb118bd69a8a766b8e": 1, "TerminalGrou/7f6dc945/shear_25nN_t/0000/a86bc28f6166784493703d988a67f282": 1, "TerminalGrou/7f6dc945/shear_15nN_g/0000/011776de4f500725b62153a4a4c5fda3": 1, "TerminalGrou/7f6dc945/nvt_equil_gr/0000/8eca1220571a3e9f6d956db3313966a5": 1, "TerminalGrou/7f6dc945/compress_gro/0000/871f396ff67d319b2f9ceaf7d1db8f7a": 1, "TerminalGrou/7f6dc945/shear_25nN_g/0000/cbd99d4bc88fd219f870a3aedbf4dc57": 1, "TerminalGrou/7f6dc945/mdrun_shear_/0000/a60ded1a257da634d9d2edc50a1d82ce": 1, "TerminalGrou/7f6dc945/em_grompp/0000/53d8fddc46b6643282f97f33a1874da4": 1, "TerminalGrou/7f6dc945/fix_overlaps/0000/5a6c6e9abe1f5e78a2fe37d191fe34fe": 1, "TerminalGrou/7f6dc945/initialize_s/0000/5d63ff73a5ae84a0b74f7e8e94205b66": 1, "TerminalGrou/7f6dc945/mdrun_shear_/0000/23fe424c1aba0f2ae7c707380dee060e": 1, "TerminalGrou/7f6dc945/mdrun_compre/0000/dd121de23d36e7e59b014dc76ddbaadc": 1, "TerminalGrou/7f6dc945/shear_15nN_x/0000/546627f1a36f32b12ea418e0cbe6644a": 1, "TerminalGrou/7f6dc945/mdrun_em/0000/b594f92c701a9b3c02b22f34266b2bbb": 1, "TerminalGrou/7f6dc945/shear_5nN_xt/0000/4dde9cd31feaccff75a2bd955d126169": 1, "TerminalGrou/7f6dc945/calc_frictio/0000/109edf13d5e516fbc5f1f7f3e82e06c2": 1}, "COF": 0.13739265076461016}