{"intercept": 1.1123637503684618, "_status": {"TerminalGrou/7711a440/shear_15nN_g/0000/eba70eee48447e73c2fbf65696bbce63": 1, "TerminalGrou/7711a440/mdrun_compre/0000/729b527a37356493f66f68ec6b21718c": 1, "TerminalGrou/7711a440/shear_15nN_t/0000/e86240b921c339c446ffdb63373f07ab": 1, "TerminalGrou/7711a440/lmp_to_gmx/0000/3e0ea01eb88bdb579c80578304463223": 1, "TerminalGrou/7711a440/calc_frictio/0000/d6e9cc6364b07c94299107f5a841dc1a": 1, "TerminalGrou/7711a440/em_grompp/0000/e623e84a88e4e7217a328dd1b92c0cd9": 1, "TerminalGrou/7711a440/mdrun_nvt/0000/640a70636bc3fb637e3268fb9a51605a": 1, "TerminalGrou/7711a440/shear_15nN_x/0000/85223321c9ed70b2b69e310d8f9aaf03": 1, "TerminalGrou/7711a440/initialize_s/0000/7f20d2b61ebbff7bf21e5c8db1b23fcd": 1, "TerminalGrou/7711a440/mdrun_shear_/0000/96eb268d2a7842d3b8576da4e723e629": 1, "TerminalGrou/7711a440/shear_25nN_x/0000/215a1e681c48e4b0ffc38789d878a43e": 1, "TerminalGrou/7711a440/mdrun_shear_/0000/86b0a8e14f45c0786d2aa517086f8f8e": 1, "TerminalGrou/7711a440/shear_25nN_g/0000/2f404c0a19de3246a92b77261d551988": 1, "TerminalGrou/7711a440/mdrun_em/0000/87e8872e81a34cd8cdf696656a41e412": 1, "TerminalGrou/7711a440/nvt_equil_gr/0000/10594630f2464224fb4b2f72aee5ea9c": 1, "TerminalGrou/7711a440/shear_5nN_gr/0000/b04340d8862acd472d7c356ec09091ea": 1, "TerminalGrou/7711a440/fix_overlaps/0000/6c57f9a49d3587689f0115b0352e4154": 1, "TerminalGrou/7711a440/shear_25nN_t/0000/f2d303bac2025f6b22baf1f37435bbde": 1, "TerminalGrou/7711a440/mdrun_shear_/0000/4b61e14d270a6396d55b6b220dbb441d": 1, "TerminalGrou/7711a440/compress_gro/0000/816239b6ad2e26dce7f3bc26ddb4d7c5": 1, "TerminalGrou/7711a440/calc_cof/0000/05671ef687fc3678f156501251c7d955": 1, "TerminalGrou/7711a440/shear_5nN_tr/0000/84e925377318d543e4bf5a50e7b5efad": 1, "TerminalGrou/7711a440/shear_5nN_xt/0000/2f7d82a827bbab6e234544dda6adf433": 1}, "COF": 0.13396422347618508}