{"intercept": 0.9519528293908133, "_status": {"TerminalGrou/4a6c9063/shear_25nN_g/0000/8e8d78352d9fee10e858d45057a41281": 1, "TerminalGrou/4a6c9063/mdrun_em/0000/c92996e555b86126fda6ea0922f809d1": 1, "TerminalGrou/4a6c9063/nvt_equil_gr/0000/4587ff032712b07ba5078bda8902ea2e": 1, "TerminalGrou/4a6c9063/mdrun_shear_/0000/9550db181c25e13c9d431df74589cdf7": 1, "TerminalGrou/4a6c9063/calc_cof/0000/6a9e63eeec3643622adf08b245551f57": 1, "TerminalGrou/4a6c9063/shear_5nN_xt/0000/05083f55fae759c1e362b43cc9777e5a": 1, "TerminalGrou/4a6c9063/calc_frictio/0000/647ef6813de3c9d57cdaa1865914a3b2": 1, "TerminalGrou/4a6c9063/initialize_s/0000/df73519563366b3b8dd0f82166007bba": 1, "TerminalGrou/4a6c9063/shear_15nN_t/0000/c39ce51dc5ee8beb82bc4e273e422342": 1, "TerminalGrou/4a6c9063/shear_25nN_t/0000/829b65c9dfbdb36596681c82ae145806": 1, "TerminalGrou/4a6c9063/shear_5nN_gr/0000/b08e51ac0eac7a2a6550eb55b0f55d4d": 1, "TerminalGrou/4a6c9063/em_grompp/0000/8219ba511c70dba33d72ffb8c365c82f": 1, "TerminalGrou/4a6c9063/mdrun_compre/0000/5e4d85096eca54d34e89c2bd5cf1ab97": 1, "TerminalGrou/4a6c9063/mdrun_nvt/0000/2053686cfe3098f2eeb9091dff2ba623": 1, "TerminalGrou/4a6c9063/compress_gro/0000/a599ae02e0b0a7b0ce8b1231e00e1d04": 1, "TerminalGrou/4a6c9063/lmp_to_gmx/0000/c40d7297185a779c9acf108f16d99855": 1, "TerminalGrou/4a6c9063/shear_5nN_tr/0000/7374d3dd767e04b04359edd3ed670c07": 1, "TerminalGrou/4a6c9063/shear_15nN_g/0000/bc926a5aeded4ba2b111c0df09ae7385": 1, "TerminalGrou/4a6c9063/mdrun_shear_/0000/637a19c86fdaa57cf3f8b4a41d238f4c": 1, "TerminalGrou/4a6c9063/shear_15nN_x/0000/01361e1b1de4e62910a673de8c190ee0": 1, "TerminalGrou/4a6c9063/fix_overlaps/0000/d8c8a582cedade167ce54d907f6d02d5": 1, "TerminalGrou/4a6c9063/shear_25nN_x/0000/0f08f5a6d9340071af55f5cf0d74a2df": 1, "TerminalGrou/4a6c9063/mdrun_shear_/0000/ff3eaffedaf4eb790f9455fbe1f6b169": 1}, "COF": 0.14229407522653129}