{"intercept": 1.3934004099633424, "_status": {"TerminalGrou/d58dabe8/shear_15nN_t/0000/fb5e666641f15163b51522c937e7b580": 1, "TerminalGrou/d58dabe8/calc_frictio/0000/698923aee77a05466097d7155bc9428f": 1, "TerminalGrou/d58dabe8/shear_25nN_g/0000/ea1334b0e9a4a6801bc305b8c1b7bce6": 1, "TerminalGrou/d58dabe8/shear_5nN_tr/0000/2cb21e28ac68a1bce3506b04e3163cfb": 1, "TerminalGrou/d58dabe8/mdrun_nvt/0000/17263e35a479710b59f2d565c26f416b": 1, "TerminalGrou/d58dabe8/shear_5nN_xt/0000/241c276512b96c511c265261f204af28": 1, "TerminalGrou/d58dabe8/initialize_s/0000/73599283cae8472550592c5377f5adf6": 1, "TerminalGrou/d58dabe8/shear_5nN_gr/0000/12e634eddd9d8f4d717485e64991cd84": 1, "TerminalGrou/d58dabe8/mdrun_shear_/0000/134190d39d6aeb6cf6750878a8e17707": 1, "TerminalGrou/d58dabe8/calc_cof/0000/d281042884e434a6d19b89fabfc27729": 1, "TerminalGrou/d58dabe8/nvt_equil_gr/0000/a8124debbfa47fecb5be1970f57555e0": 1, "TerminalGrou/d58dabe8/mdrun_compre/0000/e5b19ba38c82d496fac5c7909257176f": 1, "TerminalGrou/d58dabe8/mdrun_em/0000/b6151c449b05a486fd49724bd029e7b8": 1, "TerminalGrou/d58dabe8/compress_gro/0000/a20ddc541a85749cda4a443ba4cf40e5": 1, "TerminalGrou/d58dabe8/lmp_to_gmx/0000/d01fad20bb39f043062af05bd7a92171": 1, "TerminalGrou/d58dabe8/shear_25nN_x/0000/2988164e2a9f58d4ec5efcb8f8b5f28b": 1, "TerminalGrou/d58dabe8/shear_15nN_x/0000/85d94ecdfc8407af7fd5d7880808ce07": 1, "TerminalGrou/d58dabe8/fix_overlaps/0000/10bfb28fa691250898f05754c552ffb5": 1, "TerminalGrou/d58dabe8/mdrun_shear_/0000/b1bb5755ffe51eb2e74d977031d34b1b": 1, "TerminalGrou/d58dabe8/shear_15nN_g/0000/8f272f1983a8ab25380369c909bc679f": 1, "TerminalGrou/d58dabe8/mdrun_shear_/0000/6a661e1e51133357be11b52cd7ca5559": 1, "TerminalGrou/d58dabe8/em_grompp/0000/35bb6181da4f92ca7d4a471f498c0963": 1, "TerminalGrou/d58dabe8/shear_25nN_t/0000/a090050310c331f7ede3b8d0ad07fb7e": 1}, "COF": 0.11412737343444218}