{"intercept": 1.144819598090407, "_status": {"TerminalGrou/6265a649/mdrun_shear_/0000/1697aabd89bb8c3254ed109b9200b234": 1, "TerminalGrou/6265a649/fix_overlaps/0000/0f25c77deb977f8ae3dfceb7047541f1": 1, "TerminalGrou/6265a649/shear_5nN_xt/0000/45b5264783bc0cb57ec8925f8f006515": 1, "TerminalGrou/6265a649/mdrun_shear_/0000/ff2d3f2edbb2a576425cd55f3398b1b0": 1, "TerminalGrou/6265a649/shear_15nN_g/0000/d14eca97ee547fd4f008d20284309b9a": 1, "TerminalGrou/6265a649/lmp_to_gmx/0000/8d1d7877cac0db1e26b7ad3dacaa3c7e": 1, "TerminalGrou/6265a649/shear_25nN_x/0000/0ea8aecd8cd9ad3772cfed74eee03a3a": 1, "TerminalGrou/6265a649/mdrun_compre/0000/8d43fdb9fd048d6398c7a0f9996060af": 1, "TerminalGrou/6265a649/mdrun_em/0000/fbccd1d8570853e95feb913ee6c03f4a": 1, "TerminalGrou/6265a649/mdrun_shear_/0000/39de079de9b2a75e77416004c2b508a4": 1, "TerminalGrou/6265a649/shear_15nN_x/0000/c79a4fc28c4c88981ea42b0e67d09683": 1, "TerminalGrou/6265a649/compress_gro/0000/f9ab8305a29fa153ee0d5fe3457211a2": 1, "TerminalGrou/6265a649/shear_5nN_gr/0000/0bc393d1ffed10e4eb8e2edc0abb2548": 1, "TerminalGrou/6265a649/nvt_equil_gr/0000/9576d6c6366770ed52e0a2833218e99c": 1, "TerminalGrou/6265a649/calc_frictio/0000/7ed38c259dc8332670fbbaa2f70fa0d6": 1, "TerminalGrou/6265a649/shear_25nN_g/0000/91d2f6e670068dfcd468ceeace9720ad": 1, "TerminalGrou/6265a649/shear_5nN_tr/0000/5b7e1284e7d2f20e980ffcd5e5f07ab9": 1, "TerminalGrou/6265a649/initialize_s/0000/b09ccfe1005ea89ddff34ca784dc0a5e": 1, "TerminalGrou/6265a649/shear_15nN_t/0000/1cbe61f833c10a6f6a217cea795e7ce3": 1, "TerminalGrou/6265a649/mdrun_nvt/0000/6cba159be9e07030803b0c1d2f3baac9": 1, "TerminalGrou/6265a649/shear_25nN_t/0000/08b7e620b537cfca9bfc86a1d8c80c6b": 1, "TerminalGrou/6265a649/em_grompp/0000/11aa3ede37fabd3430ef9ea1feeb9db7": 1, "TerminalGrou/6265a649/calc_cof/0000/9d447fe7f6a1f5404da9c8aa20ba6256": 1}, "COF": 0.1513322549066534}