{"intercept": 6.268037916264897, "_status": {"TerminalGrou/d4e71709/mdrun_shear_/0000/61f77c82b57dc092a4e6fcc75bfa92e1": 1, "TerminalGrou/d4e71709/calc_cof/0000/f7022406db90347bae6f26d2a3ec3df9": 1, "TerminalGrou/d4e71709/shear_15nN_t/0000/c81c0d9cf8f691b3fb807e605b119593": 1, "TerminalGrou/d4e71709/shear_15nN_x/0000/f573a35c2288fe68c2be6ffce251f9ef": 1, "TerminalGrou/d4e71709/shear_15nN_g/0000/db8b94e2b87a9e6c47e69fe9dd2e8824": 1, "TerminalGrou/d4e71709/mdrun_compre/0000/8411c55ef5d710840745382b6242f779": 1, "TerminalGrou/d4e71709/lmp_to_gmx/0000/e1fbcc1e950b303b3deccb6f0e541f6c": 1, "TerminalGrou/d4e71709/shear_5nN_tr/0000/56472c451c249f88132948c54cf36d6c": 1, "TerminalGrou/d4e71709/shear_25nN_g/0000/773b97065dbff3d7c65fed43ed7c3192": 1, "TerminalGrou/d4e71709/shear_5nN_gr/0000/c4070959b268374e68aa4b4d57fa4126": 1, "TerminalGrou/d4e71709/em_grompp/0000/c9cf52b92d74dbe4043e1829446daff0": 1, "TerminalGrou/d4e71709/mdrun_em/0000/a3ecbfbd04c7ef241352ddd285e692e7": 1, "TerminalGrou/d4e71709/fix_overlaps/0000/01537a62ec1823f75af4c5f6f8cbce2e": 1, "TerminalGrou/d4e71709/calc_frictio/0000/ff7273b48e44d52c682ff3e37795420e": 1, "TerminalGrou/d4e71709/shear_25nN_x/0000/7601a4c53d8001acd1df2cfa5f47dbe5": 1, "TerminalGrou/d4e71709/mdrun_shear_/0000/88b3227d9ae43a596a5b3bf9d0add4ec": 1, "TerminalGrou/d4e71709/compress_gro/0000/dcb2a2a58965bfa10c0c580a1fdebed0": 1, "TerminalGrou/d4e71709/nvt_equil_gr/0000/8fa3dd0638429ea1c9bb2933a20622b8": 1, "TerminalGrou/d4e71709/shear_25nN_t/0000/cc82d68114f7a295b43091751d3409b0": 1, "TerminalGrou/d4e71709/mdrun_nvt/0000/dd6a4f9f521dba4b58ef7a2ad7c1df22": 1, "TerminalGrou/d4e71709/shear_5nN_xt/0000/58c89900e448f405970208e2613e4d03": 1, "TerminalGrou/d4e71709/initialize_s/0000/e9bd4f20f105957e62e12adb14c0f1fb": 1, "TerminalGrou/d4e71709/mdrun_shear_/0000/bdcf435e45fa762c7de6850841fb36e4": 1}, "COF": 0.12262734694672392}