{"intercept": 3.4502249190221583, "_status": {"TerminalGrou/bd39e410/mdrun_shear_/0000/087a2148da50dad02aa8fc006d5db341": 1, "TerminalGrou/bd39e410/calc_frictio/0000/39ef7fe192dde36e11b034f0d6609503": 1, "TerminalGrou/bd39e410/mdrun_em/0000/13aee4d2a07edc97447dbffefdc31324": 1, "TerminalGrou/bd39e410/mdrun_compre/0000/eb389a9943d4386bb7bc96bd70aa2ccb": 1, "TerminalGrou/bd39e410/mdrun_nvt/0000/b28e904191a22c26b63ac0f8faa417f8": 1, "TerminalGrou/bd39e410/em_grompp/0000/5f56d0827b4bb0760cf4c1b644c9a16d": 1, "TerminalGrou/bd39e410/lmp_to_gmx/0000/891cc7e54171aa80e0df66bec6b3edea": 1, "TerminalGrou/bd39e410/shear_15nN_t/0000/ec9284e48fd394d3ce2c0c317f1eaa6e": 1, "TerminalGrou/bd39e410/compress_gro/0000/1ca8f2f82886bb2c85d8fc8330207a13": 1, "TerminalGrou/bd39e410/initialize_s/0000/20b9805411642bbe04086c3b409de2a0": 1, "TerminalGrou/bd39e410/shear_25nN_x/0000/001c8785de9062c2436de18bc904e029": 1, "TerminalGrou/bd39e410/shear_5nN_tr/0000/e3ed5b9ed29680f4de589b774dd4833f": 1, "TerminalGrou/bd39e410/mdrun_shear_/0000/4bfeef2964d60d02bd78875989b6141c": 1, "TerminalGrou/bd39e410/shear_15nN_g/0000/104f17402a0646cf5366597d930108cc": 1, "TerminalGrou/bd39e410/mdrun_shear_/0000/62e53463c0115f020ea352c2b5740de7": 1, "TerminalGrou/bd39e410/shear_5nN_gr/0000/a388579a2dec810873a9a29735304792": 1, "TerminalGrou/bd39e410/shear_25nN_g/0000/f26a351811f56c9267b2e0646c1da2c8": 1, "TerminalGrou/bd39e410/calc_cof/0000/ecfd28fdc88defe111620e860152a56b": 1, "TerminalGrou/bd39e410/shear_15nN_x/0000/fd14bf9d5bf37b7ee3c5cff856aac290": 1, "TerminalGrou/bd39e410/shear_5nN_xt/0000/62eff8cbc8bc4e06d6131adccff61019": 1, "TerminalGrou/bd39e410/nvt_equil_gr/0000/63784a3c352f13d40b91641732f68380": 1, "TerminalGrou/bd39e410/shear_25nN_t/0000/1b64105cfcd60b58284913ebc56c59df": 1, "TerminalGrou/bd39e410/fix_overlaps/0000/19bd08a0eff1ba75cab1926e563ed3f4": 1}, "COF": 0.1211814898878663}