{"intercept": 0.8898375299650003, "_status": {"TerminalGrou/8f8460d4/shear_25nN_x/0000/88484d24d373a175379c3571a20e8ad4": 1, "TerminalGrou/8f8460d4/nvt_equil_gr/0000/1734bf1e549452101cacf7664d8cc72e": 1, "TerminalGrou/8f8460d4/initialize_s/0000/3e37e6f49be8355b0f30a31b34aea3b1": 1, "TerminalGrou/8f8460d4/compress_gro/0000/35bef9b5193bb8e9389fc7f483568d93": 1, "TerminalGrou/8f8460d4/shear_5nN_tr/0000/11de1a67dee37807b34c165d12b3b007": 1, "TerminalGrou/8f8460d4/mdrun_nvt/0000/e9d1d844952ecb718d22b2d24188e270": 1, "TerminalGrou/8f8460d4/shear_25nN_t/0000/2f78a19939a57626ed2cd582da5ddbfe": 1, "TerminalGrou/8f8460d4/calc_cof/0000/788e80b4423349e72b524e43d4a3eee9": 1, "TerminalGrou/8f8460d4/mdrun_em/0000/1b48fb9a5a2a989a3c6f93ec2c0832f5": 1, "TerminalGrou/8f8460d4/shear_5nN_gr/0000/7165b18978dd672518f5519fde49aa71": 1, "TerminalGrou/8f8460d4/shear_25nN_g/0000/961e145cdf9610c2c0cb0c254dcaa768": 1, "TerminalGrou/8f8460d4/mdrun_shear_/0000/4b8a6c9e2eba1a006600c5ebd5b3faf2": 1, "TerminalGrou/8f8460d4/mdrun_shear_/0000/520a09816e349747c5c1db57fc97f824": 1, "TerminalGrou/8f8460d4/em_grompp/0000/3ea3287661fef6f84f1844d4e0af7c5c": 1, "TerminalGrou/8f8460d4/calc_frictio/0000/b64a7c1dab2d50ccde59be998bb41b77": 1, "TerminalGrou/8f8460d4/shear_15nN_x/0000/e6da6faf55779c926e64a6fc9bf405b8": 1, "TerminalGrou/8f8460d4/mdrun_compre/0000/1957bc1b566d930e6cc13ceedc4ad3db": 1, "TerminalGrou/8f8460d4/fix_overlaps/0000/fac32441bacce3f015128c52f2c587d1": 1, "TerminalGrou/8f8460d4/mdrun_shear_/0000/9275d30c2fc827171be6c3e4d2c102d5": 1, "TerminalGrou/8f8460d4/lmp_to_gmx/0000/7bb0b89418c04aeb9dfa801e58bebd4c": 1, "TerminalGrou/8f8460d4/shear_5nN_xt/0000/acc6502ed6985810424ac328df5ed3a8": 1, "TerminalGrou/8f8460d4/shear_15nN_g/0000/83a5ecab269f925d9747688920cef890": 1, "TerminalGrou/8f8460d4/shear_15nN_t/0000/dbe7b21c3aab70920f4027a361d0e6a9": 1}, "COF": 0.16716809173599223}