{"intercept": 1.4419686509452818, "_status": {"TerminalGrou/9a5ba24f/shear_5nN_gr/0000/fd156553830ba72808c7830975b0c82e": 1, "TerminalGrou/9a5ba24f/mdrun_shear_/0000/84ace744fbaf2a0ac1c8e4f64e978701": 1, "TerminalGrou/9a5ba24f/calc_cof/0000/ecc5be00d23081bc30d80a42d9ad8107": 1, "TerminalGrou/9a5ba24f/em_grompp/0000/9cc3b7458c666b933d8530e9f4625e5a": 1, "TerminalGrou/9a5ba24f/lmp_to_gmx/0000/4eec361c404979881a3378beda337099": 1, "TerminalGrou/9a5ba24f/shear_25nN_g/0000/a91cdd25e023573fc84c2afd4ae8d79d": 1, "TerminalGrou/9a5ba24f/mdrun_shear_/0000/9fbeb77450dac9c8f60de73cd1c37089": 1, "TerminalGrou/9a5ba24f/nvt_equil_gr/0000/8331aa4fd59fc114a2505cb4a275b17d": 1, "TerminalGrou/9a5ba24f/shear_15nN_t/0000/56806cb1d5af22e9dd3e78fd00d052ba": 1, "TerminalGrou/9a5ba24f/compress_gro/0000/8022e4ccc5ad9850be471eaaa13fdea5": 1, "TerminalGrou/9a5ba24f/mdrun_nvt/0000/afcb7767a821e0b30d7a15f395b51c73": 1, "TerminalGrou/9a5ba24f/mdrun_compre/0000/8a28a7d6dc66687b8af4a27c8bbff5bb": 1, "TerminalGrou/9a5ba24f/shear_5nN_tr/0000/b3fc2dd0bb8c4ff989248af82e1d25a8": 1, "TerminalGrou/9a5ba24f/initialize_s/0000/2e26d0343f0acb4a6037d9cdd2073d4e": 1, "TerminalGrou/9a5ba24f/shear_25nN_x/0000/a25ab9000c40f51363781eb22bd47846": 1, "TerminalGrou/9a5ba24f/shear_15nN_x/0000/5b0d8824761adbb35527aeca0694126a": 1, "TerminalGrou/9a5ba24f/shear_25nN_t/0000/98bdf843ec273d6f4192edae11c730da": 1, "TerminalGrou/9a5ba24f/fix_overlaps/0000/8eb91d20e328c05d5ab4e755e827f33e": 1, "TerminalGrou/9a5ba24f/shear_15nN_g/0000/03eef1f0ed56a0ec7505ef5517cac9a7": 1, "TerminalGrou/9a5ba24f/mdrun_em/0000/e79cfdffa9882af3dff124192c1752b6": 1, "TerminalGrou/9a5ba24f/mdrun_shear_/0000/dd113b0717c7bb45252c452c51aa993f": 1, "TerminalGrou/9a5ba24f/calc_frictio/0000/74734cc0dc2df5a6e576b524fda292d8": 1, "TerminalGrou/9a5ba24f/shear_5nN_xt/0000/b974b6b3257be4a306630ed9a85187d0": 1}, "COF": 0.13203181527616975}