{"intercept": 1.6330859404216154, "_status": {"TerminalGrou/c914d402/initialize_s/0000/0209cb02baa59f4fe8b809e3ad1f9b7e": 1, "TerminalGrou/c914d402/shear_5nN_xt/0000/e8be1c45d5ac0adaadedf11d30f6f562": 1, "TerminalGrou/c914d402/mdrun_nvt/0000/d93477fdbae6b94e3f8a1216c4166a11": 1, "TerminalGrou/c914d402/mdrun_shear_/0000/89dd4c9817ccf5a7f90e4e8ba56d2fa4": 1, "TerminalGrou/c914d402/shear_25nN_t/0000/2851e414d0d0022aca7dacb2974014d8": 1, "TerminalGrou/c914d402/mdrun_em/0000/6ee969d47503ec87d7542f8e5830ce7d": 1, "TerminalGrou/c914d402/shear_5nN_gr/0000/d6cdbcd67db033309a2866ef1e4d2d02": 1, "TerminalGrou/c914d402/lmp_to_gmx/0000/e16d4328e67cb85c919b495d3b1878cf": 1, "TerminalGrou/c914d402/fix_overlaps/0000/3a7d6725e2375bd6a78ed470c1379f88": 1, "TerminalGrou/c914d402/shear_25nN_x/0000/facff7532c434ea0e1caaf109ec6f6ce": 1, "TerminalGrou/c914d402/nvt_equil_gr/0000/c776da383f1e3eb9a2a3605a0f80bf37": 1, "TerminalGrou/c914d402/shear_15nN_x/0000/c80e0a3ee16685799d11e15749ffc4fd": 1, "TerminalGrou/c914d402/shear_15nN_g/0000/c4abbd5a2556c39ae7920448a036ef84": 1, "TerminalGrou/c914d402/compress_gro/0000/062ff3de4da53613aef447ba1e853348": 1, "TerminalGrou/c914d402/em_grompp/0000/463f24e0f4792fc8eea7303c72438076": 1, "TerminalGrou/c914d402/shear_25nN_g/0000/432503eeb9b8c9590b155b69b35d8eb1": 1, "TerminalGrou/c914d402/calc_frictio/0000/2f508cb2efe385cdde040b5401e0cd5b": 1, "TerminalGrou/c914d402/mdrun_shear_/0000/f9ddb737816f1bc2cfbe1a87eb4abd17": 1, "TerminalGrou/c914d402/mdrun_compre/0000/5c4aa0f601eca8b60e20f8aec4bb9f30": 1, "TerminalGrou/c914d402/mdrun_shear_/0000/c76307952538763812fa55d860483196": 1, "TerminalGrou/c914d402/shear_5nN_tr/0000/96f13d1a95ce791762b9e73cb2b69680": 1, "TerminalGrou/c914d402/calc_cof/0000/a370a2cdc29b253e28930019ccc1a28d": 1, "TerminalGrou/c914d402/shear_15nN_t/0000/28ed154d14a04d4900534ddb46292d9f": 1}, "COF": 0.13182762200541315}