{"intercept": 3.476965268127895, "_status": {"TerminalGrou/43eeb957/shear_5nN_xt/0000/a8a4ad7ecc7e91e3599333b7f072c20b": 1, "TerminalGrou/43eeb957/mdrun_nvt/0000/088af4bc9fe6ea9570e931790d755226": 1, "TerminalGrou/43eeb957/initialize_s/0000/ac9489adf038b03c64ba0b16f72b0934": 1, "TerminalGrou/43eeb957/shear_15nN_t/0000/39526088e9cf46bdad7807925c19279b": 1, "TerminalGrou/43eeb957/shear_15nN_x/0000/81a864ec60538686fac5c6d9fa3a9bda": 1, "TerminalGrou/43eeb957/mdrun_em/0000/fa3aed156e03a61075a80c246b186665": 1, "TerminalGrou/43eeb957/calc_cof/0000/cedee1774d9a964d4d35cf422a37b509": 1, "TerminalGrou/43eeb957/shear_25nN_t/0000/c7e0a1014784c192ee01f9b8096f32f6": 1, "TerminalGrou/43eeb957/compress_gro/0000/9f5a33bc1297accec816b14dd0e8adb0": 1, "TerminalGrou/43eeb957/calc_frictio/0000/2ed5084aa17fcf438a8a3495041857d5": 1, "TerminalGrou/43eeb957/shear_5nN_tr/0000/3cc4d78baac249d9f5504c11a2d3866e": 1, "TerminalGrou/43eeb957/fix_overlaps/0000/e923194bf7ebdfc9129c5c8f9a9c551c": 1, "TerminalGrou/43eeb957/shear_25nN_g/0000/b9e975b193bed436c0d63560e6223319": 1, "TerminalGrou/43eeb957/nvt_equil_gr/0000/247854dd7ec613afe76f9926c4c2038a": 1, "TerminalGrou/43eeb957/mdrun_shear_/0000/79b03a2620e4f8dbe99a4ad3ed2837e7": 1, "TerminalGrou/43eeb957/mdrun_shear_/0000/14ff02957eff1ef7ae1dedb4ad0bdd00": 1, "TerminalGrou/43eeb957/shear_25nN_x/0000/5caa53b83718b03fdf310b9c0acc3318": 1, "TerminalGrou/43eeb957/em_grompp/0000/44bbcea2974756b5f286c895ab07a132": 1, "TerminalGrou/43eeb957/lmp_to_gmx/0000/81bdd90f511ffd337e91fb0b535b9cef": 1, "TerminalGrou/43eeb957/mdrun_compre/0000/3794f6c7693b83a8989cd16fedb91665": 1, "TerminalGrou/43eeb957/shear_5nN_gr/0000/966fc2ef458b8a6350fc291fc95502e1": 1, "TerminalGrou/43eeb957/shear_15nN_g/0000/eecb3d535323f3c3b64b9c36cbde5ce1": 1, "TerminalGrou/43eeb957/mdrun_shear_/0000/3c1e95ecbe02d66c426df8d94d10df12": 1}, "COF": 0.14451140372909865}