{"intercept": 1.3164302243866914, "_status": {"TerminalGrou/087ea5c8/shear_25nN_g/0000/4fcab482f5501a0d34a5450fb2729c8f": 1, "TerminalGrou/087ea5c8/shear_5nN_tr/0000/01c98006d9005f6b96caf725514694bc": 1, "TerminalGrou/087ea5c8/initialize_s/0000/b145967e1959f16a9feb90ed46a9df09": 1, "TerminalGrou/087ea5c8/nvt_equil_gr/0000/7d2dcc37d8c21cb59efef69c1c666d92": 1, "TerminalGrou/087ea5c8/shear_25nN_t/0000/6e88c1c183bc2ab4849656711a0aa345": 1, "TerminalGrou/087ea5c8/compress_gro/0000/ef64b06645cdb7e0694dff8f596df173": 1, "TerminalGrou/087ea5c8/shear_5nN_xt/0000/79e3846ce118fd099fe5f1b9e7e23507": 1, "TerminalGrou/087ea5c8/calc_cof/0000/f936f8c33ea0f7edd56ac33d55834dd0": 1, "TerminalGrou/087ea5c8/em_grompp/0000/36239ac041efe0558be70b2d217dc660": 1, "TerminalGrou/087ea5c8/shear_15nN_g/0000/4ac8730705d6e093aa03310226f1db48": 1, "TerminalGrou/087ea5c8/shear_15nN_t/0000/006877fe66217c5fb4938b04838c2164": 1, "TerminalGrou/087ea5c8/fix_overlaps/0000/a816f508ddc417f757e114c43a58aabe": 1, "TerminalGrou/087ea5c8/lmp_to_gmx/0000/41f7da197d068f108e22ec9153a65ca5": 1, "TerminalGrou/087ea5c8/mdrun_nvt/0000/7e3c6d3b786177b68ed18eb964ec5dbc": 1, "TerminalGrou/087ea5c8/calc_frictio/0000/28ed299ca791d6cde40cc402ccc1e14a": 1, "TerminalGrou/087ea5c8/shear_25nN_x/0000/a59dd85347dea8d49ed1ef946ae41d34": 1, "TerminalGrou/087ea5c8/shear_15nN_x/0000/abc131ba0ed0e3ecb56b56a72fc39918": 1, "TerminalGrou/087ea5c8/mdrun_shear_/0000/fff121d98426596d6534d51fb1a11328": 1, "TerminalGrou/087ea5c8/mdrun_em/0000/526170814e4ece54642ea5303e53d490": 1, "TerminalGrou/087ea5c8/mdrun_compre/0000/f6b596ba4a2a02205602a4cac1d75644": 1, "TerminalGrou/087ea5c8/mdrun_shear_/0000/f5fadcb81464af8893c475af1d6003bf": 1, "TerminalGrou/087ea5c8/mdrun_shear_/0000/bea1d794dcd4494d6e51b28b3d245dbc": 1, "TerminalGrou/087ea5c8/shear_5nN_gr/0000/ba713ba97ad6b21c5e76b881c96f07a7": 1}, "COF": 0.12373676135304214}