{"intercept": 5.234590317403544, "_status": {"TerminalGrou/dcb39216/shear_5nN_gr/0000/048c90d9057798a3efb9c3fe73d884bd": 1, "TerminalGrou/dcb39216/calc_frictio/0000/88049e3fdc504e790faff19ebf704053": 1, "TerminalGrou/dcb39216/lmp_to_gmx/0000/a06ea0ea8b3b19bb759d3bb323ee607d": 1, "TerminalGrou/dcb39216/mdrun_nvt/0000/0d29328d8bfbbc9222bda3820785e44a": 1, "TerminalGrou/dcb39216/initialize_s/0000/56a8488ae7c1aee61cb028c88a792c2f": 1, "TerminalGrou/dcb39216/shear_15nN_t/0000/f5d1bf6e8bad7ca732a067ab930895ec": 1, "TerminalGrou/dcb39216/mdrun_shear_/0000/4cbd8c34a245f6c1c3bfc920364579b0": 1, "TerminalGrou/dcb39216/nvt_equil_gr/0000/bb01c8cfb898c9a546d1c0a4cf22e41c": 1, "TerminalGrou/dcb39216/shear_25nN_g/0000/18d7ed2e3ad3ba74627bc0501abacdab": 1, "TerminalGrou/dcb39216/em_grompp/0000/d7a287207d66e2c3a08743a77f96a20a": 1, "TerminalGrou/dcb39216/shear_15nN_x/0000/d35d42470289360053a5901da8d5cd37": 1, "TerminalGrou/dcb39216/shear_25nN_x/0000/c5e94035edd66d55eb0ee1bb71519c9a": 1, "TerminalGrou/dcb39216/mdrun_em/0000/84b1e8bddbe9f6fc13b357950a94a901": 1, "TerminalGrou/dcb39216/mdrun_compre/0000/efb0cf34da6ff1e1fe66e0124f3d65ea": 1, "TerminalGrou/dcb39216/shear_5nN_tr/0000/bdf2addda5bf938f24c8499a3648618a": 1, "TerminalGrou/dcb39216/shear_5nN_xt/0000/875b1d6b2029c4fe517990ccdbd25b93": 1, "TerminalGrou/dcb39216/compress_gro/0000/11b75b4ed0e0cfcf40167c6de015860b": 1, "TerminalGrou/dcb39216/mdrun_shear_/0000/ed0b1cc3930264dff924969c2812bee4": 1, "TerminalGrou/dcb39216/shear_15nN_g/0000/f5f37292c881cc1ad01ff0237f81f444": 1, "TerminalGrou/dcb39216/calc_cof/0000/fa7c7aaa13d6ad30d49a724f8008199d": 1, "TerminalGrou/dcb39216/shear_25nN_t/0000/e69ab550cab2151b77be081e1641fa71": 1, "TerminalGrou/dcb39216/fix_overlaps/0000/cf724946526ac1e8e6f09f5ba89f389e": 1, "TerminalGrou/dcb39216/mdrun_shear_/0000/d8a694eff6979baa11d6e968118d6f1b": 1}, "COF": 0.1254657990416566}