{"intercept": 6.0768934957286405, "_status": {"TerminalGrou/a531684d/lmp_to_gmx/0000/61511636e50c3c28fa3655a4d2a413a3": 1, "TerminalGrou/a531684d/mdrun_compre/0000/6dbbfd97d91cd348fd66e54a31958bee": 1, "TerminalGrou/a531684d/shear_5nN_tr/0000/2c3bc92d530238c4598da6536943c76d": 1, "TerminalGrou/a531684d/compress_gro/0000/a265f500a4fec9f164861f1698f3b7ac": 1, "TerminalGrou/a531684d/fix_overlaps/0000/19acbf4930cea81d0b83348d6add8020": 1, "TerminalGrou/a531684d/shear_5nN_gr/0000/766325926dfd55a63a113dfeb25eda98": 1, "TerminalGrou/a531684d/shear_15nN_t/0000/cb8af6fb39fcdd5915b83bf0754a7a5a": 1, "TerminalGrou/a531684d/mdrun_nvt/0000/7a67482772f0b5d1702d1807e407c1f7": 1, "TerminalGrou/a531684d/shear_25nN_x/0000/fb421963ed0170d5d9a7ecdfc371dbb8": 1, "TerminalGrou/a531684d/em_grompp/0000/b4166f6f876ef211f3b01da6e5037b1f": 1, "TerminalGrou/a531684d/shear_5nN_xt/0000/73bd85e2a9329865e11f31048a04c87c": 1, "TerminalGrou/a531684d/shear_15nN_x/0000/9a2248ea6e70c0ef390f445a468a3aaf": 1, "TerminalGrou/a531684d/nvt_equil_gr/0000/aecbee8c1b5adac05bac84acf47b11d3": 1, "TerminalGrou/a531684d/mdrun_shear_/0000/94f85c4c7c07512463642d1b5d7311e9": 1, "TerminalGrou/a531684d/mdrun_shear_/0000/2fc8833d06f830c6ad041a9368f7b290": 1, "TerminalGrou/a531684d/calc_cof/0000/89dd4a0f128606e2b6957eb79ea3d8e7": 1, "TerminalGrou/a531684d/shear_25nN_t/0000/0b2643b8b6e59ebade44808a7eb4d6fa": 1, "TerminalGrou/a531684d/mdrun_shear_/0000/2096f8567f8bb2f005040f7ed6a2cca2": 1, "TerminalGrou/a531684d/initialize_s/0000/062e80b1331badeeaba649fd54fc48de": 1, "TerminalGrou/a531684d/shear_25nN_g/0000/8744d8e49e9377d70ce18ceb983fd95e": 1, "TerminalGrou/a531684d/calc_frictio/0000/cdb4cd9075b78bbc80263221bb9d4479": 1, "TerminalGrou/a531684d/mdrun_em/0000/eaff1c5b880d201b2120b992a1d6af9e": 1, "TerminalGrou/a531684d/shear_15nN_g/0000/e7a8952be7a87c29f18a3484201bfd9f": 1}, "COF": 0.15128408018396097}