{"intercept": 1.225785244923101, "_status": {"TerminalGrou/3bd9a72d/mdrun_nvt/0000/82f21c1a3d200e0b640d9cb802886647": 1, "TerminalGrou/3bd9a72d/initialize_s/0000/e23d85f42b727ea40912aa3c15153340": 1, "TerminalGrou/3bd9a72d/mdrun_shear_/0000/c585bc884385f5b01cebc22c1cfdf45f": 1, "TerminalGrou/3bd9a72d/shear_15nN_x/0000/ad55ce71abc8eec06292dd739c7a3340": 1, "TerminalGrou/3bd9a72d/nvt_equil_gr/0000/919b5172624fb0e9cd91a7ab77825f65": 1, "TerminalGrou/3bd9a72d/mdrun_shear_/0000/0631737901a169af49b3f2f60b48c2ad": 1, "TerminalGrou/3bd9a72d/shear_15nN_t/0000/5abc49a5fd454bb2bcaa34991e9196b8": 1, "TerminalGrou/3bd9a72d/calc_cof/0000/45d2b6ef0c52bf3ac8e2b15f1304fda1": 1, "TerminalGrou/3bd9a72d/fix_overlaps/0000/a109a042918b5b1d88a3b1594033898f": 1, "TerminalGrou/3bd9a72d/mdrun_compre/0000/bb7aeb48ac8927a0442a8027690fbe85": 1, "TerminalGrou/3bd9a72d/shear_5nN_gr/0000/b44dae532749ff18a9afc98826d2e304": 1, "TerminalGrou/3bd9a72d/em_grompp/0000/7fa6737e4068cbdc0b947cc6f60457ae": 1, "TerminalGrou/3bd9a72d/mdrun_shear_/0000/bc2893fc31f1024f3f55339747a49689": 1, "TerminalGrou/3bd9a72d/compress_gro/0000/6f571069b7d42963a7d6927782dd3119": 1, "TerminalGrou/3bd9a72d/shear_25nN_t/0000/136f2d865a71751a399b3c7d164ae23f": 1, "TerminalGrou/3bd9a72d/shear_5nN_xt/0000/d24a1452dd99c86f4b1a4ad613e0b1ca": 1, "TerminalGrou/3bd9a72d/shear_25nN_x/0000/76e263b7ed57749e7745528757c2b337": 1, "TerminalGrou/3bd9a72d/lmp_to_gmx/0000/405bfad17ee80534f056848dcd6cd0c9": 1, "TerminalGrou/3bd9a72d/calc_frictio/0000/1bbd11c5da4b3defe0f8766684b50c9d": 1, "TerminalGrou/3bd9a72d/shear_15nN_g/0000/db0127b5a518e2e46ed617a7bcc44089": 1, "TerminalGrou/3bd9a72d/shear_25nN_g/0000/5426e618766bce15e5297bba8034d3e9": 1, "TerminalGrou/3bd9a72d/shear_5nN_tr/0000/071b4e0a319a982824aa36eeccb373aa": 1, "TerminalGrou/3bd9a72d/mdrun_em/0000/01678e370803f95d82bf223fc4cd3b25": 1}, "COF": 0.1449835128573057}