{"intercept": 1.2177530256166569, "_status": {"TerminalGrou/62a6831f/mdrun_compre/0000/595400ed43923450489e7f42c8a3908c": 1, "TerminalGrou/62a6831f/em_grompp/0000/23709cf73e54ef2e1e141ec9a96fdae2": 1, "TerminalGrou/62a6831f/fix_overlaps/0000/0539b9df4c754f595311c38b71a4d221": 1, "TerminalGrou/62a6831f/shear_15nN_g/0000/3279b6af56198bfca1de9ca5ddd90928": 1, "TerminalGrou/62a6831f/mdrun_shear_/0000/448d60a7d60c704ad4df476b277386b6": 1, "TerminalGrou/62a6831f/initialize_s/0000/785c114c582f6ecc3c47b95565ce4df6": 1, "TerminalGrou/62a6831f/shear_5nN_xt/0000/75efbedece315073ff4d4822272fd3de": 1, "TerminalGrou/62a6831f/shear_5nN_gr/0000/a2e2e3c1c1447fce17c2e3bcf293a5b9": 1, "TerminalGrou/62a6831f/calc_frictio/0000/23820647d18f88e1c323c88188c1a030": 1, "TerminalGrou/62a6831f/shear_15nN_t/0000/baac8009b678e470a0105aba32371176": 1, "TerminalGrou/62a6831f/mdrun_nvt/0000/e68215c34b4a12a18439abcde6c7303e": 1, "TerminalGrou/62a6831f/shear_25nN_x/0000/8372817311c7d9e8189a0226c7c2ce0a": 1, "TerminalGrou/62a6831f/lmp_to_gmx/0000/8a65dd7fa674e85f5af26b1593e6e968": 1, "TerminalGrou/62a6831f/mdrun_shear_/0000/ef777e03cb5683788be3fb1dfe77867c": 1, "TerminalGrou/62a6831f/shear_5nN_tr/0000/d4eb79bfceea7369a8a5764b3d3458a4": 1, "TerminalGrou/62a6831f/compress_gro/0000/61c36e588ea33f7a9791d1a4b306e4d8": 1, "TerminalGrou/62a6831f/nvt_equil_gr/0000/93a0a4812212ef8af6ba35ac7d841837": 1, "TerminalGrou/62a6831f/shear_15nN_x/0000/c26fcb0bec81525c846d407e2c0db2e8": 1, "TerminalGrou/62a6831f/mdrun_shear_/0000/a68f4bc3b1ecfb7c0d8a6770eaac5362": 1, "TerminalGrou/62a6831f/mdrun_em/0000/55fa8bb5bc88e9436d6286701f761d34": 1, "TerminalGrou/62a6831f/shear_25nN_g/0000/b9754571d25978d7d8c6a1453d3154d5": 1, "TerminalGrou/62a6831f/shear_25nN_t/0000/c5ca6656ac5698d9898b3ffe6fb2206c": 1, "TerminalGrou/62a6831f/calc_cof/0000/f43e687425f5eb3bffdd298a4ea0edd0": 1}, "COF": 0.1256249023434451}