{"intercept": 0.6852409973613907, "_status": {"TerminalGrou/89790fc3/fix_overlaps/0000/dfc5fe61fbf148b216c57dc1bd0e2bf8": 1, "TerminalGrou/89790fc3/compress_gro/0000/db92d29e9c20a358dec426b4712621bf": 1, "TerminalGrou/89790fc3/shear_15nN_g/0000/660487ca0526004fb25348a57794fb2e": 1, "TerminalGrou/89790fc3/initialize_s/0000/7e2ccda06e2ce54c7ff6f53fcabfb08a": 1, "TerminalGrou/89790fc3/lmp_to_gmx/0000/364e841058a85b5ce518e0b704160454": 1, "TerminalGrou/89790fc3/calc_cof/0000/78fe06b289670bcc5eb9dbbb33739ae1": 1, "TerminalGrou/89790fc3/shear_25nN_x/0000/9af0fc3f85d18d69fe9a26e8c2cf58c8": 1, "TerminalGrou/89790fc3/em_grompp/0000/310a358f22ace6cfa1ea81f7e30240ac": 1, "TerminalGrou/89790fc3/nvt_equil_gr/0000/3ba390635f3b92b671230e6db852cad6": 1, "TerminalGrou/89790fc3/mdrun_compre/0000/dd2eebecbfc1d077faa353e946a72d95": 1, "TerminalGrou/89790fc3/calc_frictio/0000/adb8920e52c41f4190b90cd737bdbb9e": 1, "TerminalGrou/89790fc3/shear_25nN_g/0000/9b4adbce7ff1e05af7f7009e4ca143f3": 1, "TerminalGrou/89790fc3/shear_15nN_t/0000/b3c9c77a8573b2614690db8aa25a83cf": 1, "TerminalGrou/89790fc3/shear_5nN_xt/0000/f901bba17864b3c9a71ecc26db114ee8": 1, "TerminalGrou/89790fc3/mdrun_shear_/0000/e04110428ebd05b3fb9e9efbe7df5332": 1, "TerminalGrou/89790fc3/shear_5nN_tr/0000/ebe4f9152a52df82172e1edd087c708c": 1, "TerminalGrou/89790fc3/shear_25nN_t/0000/723f4cd5a716f4fbb1672f72de26f3fa": 1, "TerminalGrou/89790fc3/mdrun_shear_/0000/f87806377005a85513d715c53f5f241d": 1, "TerminalGrou/89790fc3/mdrun_shear_/0000/c01e2fa5bffb822f3f078c1a7a47caa6": 1, "TerminalGrou/89790fc3/shear_5nN_gr/0000/5616b4dcded528854c8ad843af9215ea": 1, "TerminalGrou/89790fc3/mdrun_em/0000/22d082c9b68aec0afebbe49c16d2fce0": 1, "TerminalGrou/89790fc3/mdrun_nvt/0000/b20fff3d34ebe51e53f5dcdf4be565d3": 1, "TerminalGrou/89790fc3/shear_15nN_x/0000/08985370b78a9f1392b00e901e8fae79": 1}, "COF": 0.15004482428524996}