{"intercept": 0.5669896484599839, "_status": {"TerminalGrou/8181d642/shear_15nN_t/0000/be5225acc3da620fe509f228d51262a5": 1, "TerminalGrou/8181d642/nvt_equil_gr/0000/727cd8437642a6a20904fcf1e1920a8e": 1, "TerminalGrou/8181d642/shear_5nN_gr/0000/b8fe36491b058aad3a3d2261a6326429": 1, "TerminalGrou/8181d642/shear_25nN_t/0000/85dcf8c080288a74ce099ae4eda293d7": 1, "TerminalGrou/8181d642/lmp_to_gmx/0000/1c86646574e06bbb1972cc3c4c406c38": 1, "TerminalGrou/8181d642/compress_gro/0000/5bf9e6ade2670301a5f64f6e43a5990f": 1, "TerminalGrou/8181d642/calc_cof/0000/0fdfc4a6da56a0b44f809dbfc86c9a08": 1, "TerminalGrou/8181d642/shear_25nN_g/0000/46033c1b207c3121369004feea55b0bb": 1, "TerminalGrou/8181d642/mdrun_nvt/0000/9499aab8b8abb86d3e2f8ed1d130989b": 1, "TerminalGrou/8181d642/mdrun_shear_/0000/937add9de801e650f3bb20c0805012bd": 1, "TerminalGrou/8181d642/shear_15nN_x/0000/72bbee1a6e9bfeb258667a5cdde141a9": 1, "TerminalGrou/8181d642/mdrun_shear_/0000/ae458495021d62f7b5664b594f896a31": 1, "TerminalGrou/8181d642/em_grompp/0000/f3552ac21f0a7432158d858a1b0e5f78": 1, "TerminalGrou/8181d642/mdrun_em/0000/8659a53ac2707df12f679aeae68da587": 1, "TerminalGrou/8181d642/shear_15nN_g/0000/e49a239c4115c12fda579254e1609d52": 1, "TerminalGrou/8181d642/initialize_s/0000/abed6b0bfea5ba84304b2011024608d1": 1, "TerminalGrou/8181d642/mdrun_compre/0000/98452b979da036acd4f48ee50082dfad": 1, "TerminalGrou/8181d642/mdrun_shear_/0000/7174922ff4f50d57f0bc80f44e6cc877": 1, "TerminalGrou/8181d642/shear_5nN_xt/0000/028e8f80a907eb8a7428435410644ebf": 1, "TerminalGrou/8181d642/shear_5nN_tr/0000/f3044b2b670727299cee7bc17f643336": 1, "TerminalGrou/8181d642/calc_frictio/0000/c639aee9c6aba4ad8ae4a53b7fed60f2": 1, "TerminalGrou/8181d642/shear_25nN_x/0000/35e2d010f5bbc8e3055f6cecfc65fe5b": 1, "TerminalGrou/8181d642/fix_overlaps/0000/9245af31eb3971bdb269a0f5a35c9812": 1}, "COF": 0.14615042739997733}