{"intercept": 1.150354221773608, "_status": {"TerminalGrou/f4cae5ac/mdrun_nvt/0000/59523177cbbf05107a73f356df20c6a8": 1, "TerminalGrou/f4cae5ac/shear_25nN_t/0000/6ffff39ba77a69dbb460a68d3dab55ff": 1, "TerminalGrou/f4cae5ac/compress_gro/0000/1282e7e17f664efe407be7d14f7d7479": 1, "TerminalGrou/f4cae5ac/shear_5nN_xt/0000/37a7bd007c9f0115381150e7949e9ff9": 1, "TerminalGrou/f4cae5ac/shear_5nN_gr/0000/34462c3fd964b26face3b8d3780d9dbf": 1, "TerminalGrou/f4cae5ac/initialize_s/0000/af31d14f20c74174a2a7fc29ab886395": 1, "TerminalGrou/f4cae5ac/mdrun_shear_/0000/34c1db935b41b84f5b10340baa8a6d15": 1, "TerminalGrou/f4cae5ac/nvt_equil_gr/0000/32c8a0cf6fffe0f57ba0ff4d3e0b6f9f": 1, "TerminalGrou/f4cae5ac/shear_15nN_x/0000/6401f09a3634a844de529ad68776c834": 1, "TerminalGrou/f4cae5ac/em_grompp/0000/dcf31e384e5d2c1ee1b51f6b81f22d6d": 1, "TerminalGrou/f4cae5ac/mdrun_shear_/0000/43ed460fcf2cb7e38bc603f1f03c7a51": 1, "TerminalGrou/f4cae5ac/shear_15nN_g/0000/0c20cbd0e2e43517fe6770b02a7ec1e0": 1, "TerminalGrou/f4cae5ac/fix_overlaps/0000/10af99ee64dbad87efccf3e7111c23a6": 1, "TerminalGrou/f4cae5ac/shear_25nN_x/0000/1197eddfb42078af26e4a94be413ea09": 1, "TerminalGrou/f4cae5ac/lmp_to_gmx/0000/8bdca67a0b26397eb1e77f814a6bd39e": 1, "TerminalGrou/f4cae5ac/mdrun_em/0000/085072d5067c27d4b60f2ef72cefb953": 1, "TerminalGrou/f4cae5ac/calc_frictio/0000/6f8de7d71e838866237a7bbeeccd0ab3": 1, "TerminalGrou/f4cae5ac/shear_15nN_t/0000/63cb108f10543f331a0fec12b60a00cf": 1, "TerminalGrou/f4cae5ac/shear_5nN_tr/0000/b25ef70d9f021fcb9bfa2e8d2926c983": 1, "TerminalGrou/f4cae5ac/mdrun_shear_/0000/e2ce20edb78f6e383648eb43f2c5f677": 1, "TerminalGrou/f4cae5ac/calc_cof/0000/1e0fa8e0f2ab45418280ba5fce0489f9": 1, "TerminalGrou/f4cae5ac/mdrun_compre/0000/649c9f721ab3438302614dfad98f905d": 1, "TerminalGrou/f4cae5ac/shear_25nN_g/0000/12a2c4a4f65fe6fca82593fe62b6f34d": 1}, "COF": 0.14530321891060605}