{"intercept": -0.1634256029073775, "_status": {"TerminalGrou/895ff7e5/mdrun_shear_/0000/8fdf57975883436580beb594a992286f": 1, "TerminalGrou/895ff7e5/shear_5nN_tr/0000/c1af9cf9a7f91e8ade1f02130b1d5651": 1, "TerminalGrou/895ff7e5/calc_frictio/0000/207a2fc24185f436819cbe73f3c7bca9": 1, "TerminalGrou/895ff7e5/shear_5nN_gr/0000/141e2fcb6ccca2fdc495f5d9c7b7a25e": 1, "TerminalGrou/895ff7e5/compress_gro/0000/5053882d100c532bbc8c8c92e82680db": 1, "TerminalGrou/895ff7e5/mdrun_compre/0000/8339e3857092f7c19bc8a4b41c396db6": 1, "TerminalGrou/895ff7e5/calc_cof/0000/d7fb52132f1bb5cfabcb69a6c8b43da2": 1, "TerminalGrou/895ff7e5/fix_overlaps/0000/0c3c19f089759ecbc3e621a5cd85b91e": 1, "TerminalGrou/895ff7e5/mdrun_shear_/0000/307a42cf6ca409b71dc2262210d06007": 1, "TerminalGrou/895ff7e5/shear_15nN_x/0000/9bce012dfeecd0c9a5e9a1332c6b9b76": 1, "TerminalGrou/895ff7e5/nvt_equil_gr/0000/007db4dc007e32e3d44c55423efb3356": 1, "TerminalGrou/895ff7e5/mdrun_em/0000/1ac390fed15235a8b81a424c6dcf2790": 1, "TerminalGrou/895ff7e5/shear_15nN_g/0000/aac25cac4d65b9430cff450a722cd573": 1, "TerminalGrou/895ff7e5/lmp_to_gmx/0000/8748d4c8871cd24aa15181627cb79206": 1, "TerminalGrou/895ff7e5/mdrun_nvt/0000/f298498d608debf608cefd93a0558b56": 1, "TerminalGrou/895ff7e5/shear_15nN_t/0000/f52200574c9ea1fc0e114b46118bb4b9": 1, "TerminalGrou/895ff7e5/shear_25nN_t/0000/7e1e62b92ae83d5ade9df7a4ca735fff": 1, "TerminalGrou/895ff7e5/shear_25nN_x/0000/91b0f60e91ee0bd22b7f01b1671102ca": 1, "TerminalGrou/895ff7e5/shear_25nN_g/0000/a81632858387961071b3271ce5126378": 1, "TerminalGrou/895ff7e5/mdrun_shear_/0000/5cda8b15c8d8c9bf6765444737e55d05": 1, "TerminalGrou/895ff7e5/shear_5nN_xt/0000/30b529c7b0305670587918bf9f819b89": 1, "TerminalGrou/895ff7e5/em_grompp/0000/fdd7fdb416e54cfb47f564a09b4ce74d": 1, "TerminalGrou/895ff7e5/initialize_s/0000/45597df6beb57f0d332e8be3d7b9393b": 1}, "COF": 0.1678508945813403}