{"intercept": 1.3850507756493937, "_status": {"TerminalGrou/c961f6cd/shear_15nN_g/0000/6d6d1f90f5e2fecb6e2c28a17ffa95da": 1, "TerminalGrou/c961f6cd/calc_frictio/0000/9be73586bcb5b261ff7e7ae85f1ddc22": 1, "TerminalGrou/c961f6cd/compress_gro/0000/f17077ba38d3e533ca25eefc04869b3b": 1, "TerminalGrou/c961f6cd/shear_25nN_x/0000/049e5c375fae1e74310faef1ad5023fa": 1, "TerminalGrou/c961f6cd/mdrun_em/0000/911e53367fe5ffbbcca39c248c8aeb45": 1, "TerminalGrou/c961f6cd/mdrun_shear_/0000/ca837b778822875f266a640e3ef4e382": 1, "TerminalGrou/c961f6cd/mdrun_compre/0000/d0ee5496a6f056829e28e7d133469a2f": 1, "TerminalGrou/c961f6cd/em_grompp/0000/6d5a1d1c65f07dc25ffe92e78dd0fa12": 1, "TerminalGrou/c961f6cd/shear_5nN_xt/0000/e539ec1c244d23a4c7f004a79afe8ef8": 1, "TerminalGrou/c961f6cd/shear_5nN_tr/0000/a92d6c705084141d92bd865236f96770": 1, "TerminalGrou/c961f6cd/shear_15nN_x/0000/f588207d179ccac79e4e809978b2767d": 1, "TerminalGrou/c961f6cd/lmp_to_gmx/0000/2ed717169a8cb78c7d44c9c3c46071ac": 1, "TerminalGrou/c961f6cd/mdrun_shear_/0000/ff8e502c34862475d78232d45fccc80a": 1, "TerminalGrou/c961f6cd/shear_25nN_g/0000/cea74e648239b76c0fc29fac95ca4011": 1, "TerminalGrou/c961f6cd/calc_cof/0000/dc53093d2441915fb22681b5ffc4be9a": 1, "TerminalGrou/c961f6cd/shear_25nN_t/0000/92ee0bc96ba471a00a80b8fc429fd5b1": 1, "TerminalGrou/c961f6cd/shear_15nN_t/0000/a5a0c032da2fdc3a709fed61dd9c9d71": 1, "TerminalGrou/c961f6cd/fix_overlaps/0000/c31e3fb6918bc6bd13c38e75a0b6d5bd": 1, "TerminalGrou/c961f6cd/shear_5nN_gr/0000/c1412ca63dffbcb706e12afb4ffdd840": 1, "TerminalGrou/c961f6cd/mdrun_nvt/0000/300511f83ae639b42a9c08bd0b341f75": 1, "TerminalGrou/c961f6cd/mdrun_shear_/0000/204b1ccc2775efc90fa6f9fbf2519045": 1, "TerminalGrou/c961f6cd/nvt_equil_gr/0000/7332b2360172a24561d662f97219e065": 1, "TerminalGrou/c961f6cd/initialize_s/0000/e616559639647af170126da09b4a0b19": 1}, "COF": 0.14102441141141883}