{"intercept": 1.0027174879894067, "_status": {"TerminalGrou/4acdf713/shear_15nN_g/0000/c8c086674a915dcdb506ecec796a9f14": 1, "TerminalGrou/4acdf713/mdrun_shear_/0000/b63760d8a772a7daded5bb932ae8d241": 1, "TerminalGrou/4acdf713/em_grompp/0000/b50f1fdae23992e89cb68677505db840": 1, "TerminalGrou/4acdf713/initialize_s/0000/113d4172bc565147e3ebbeb620e8817e": 1, "TerminalGrou/4acdf713/fix_overlaps/0000/1726fa43bd0c4609358cdd0daf5f3959": 1, "TerminalGrou/4acdf713/shear_15nN_x/0000/e0c047c201f97ac548134408f523756f": 1, "TerminalGrou/4acdf713/mdrun_nvt/0000/dad0c95bb6b0e0c48eebc458a77bdb7f": 1, "TerminalGrou/4acdf713/mdrun_em/0000/b8d98c7b962c337a4ca7b63dab34545e": 1, "TerminalGrou/4acdf713/shear_25nN_x/0000/1da136235c4fad9d252fc7f1ad41b5f9": 1, "TerminalGrou/4acdf713/shear_5nN_tr/0000/5547e250fb9f9d4a73ddfdd2529ff08a": 1, "TerminalGrou/4acdf713/shear_5nN_gr/0000/1e9e605c37df4b5bc73fe17e1c7c6565": 1, "TerminalGrou/4acdf713/compress_gro/0000/c9b2f2ab0c1f5e9338b1febca0f7753a": 1, "TerminalGrou/4acdf713/shear_25nN_g/0000/d44ee5f7596a04c24d38dad70453f67f": 1, "TerminalGrou/4acdf713/calc_cof/0000/d489005a961264aafa152a8b50282ac5": 1, "TerminalGrou/4acdf713/mdrun_compre/0000/fa29fb7fc547a700df07c585e3667ffc": 1, "TerminalGrou/4acdf713/shear_25nN_t/0000/0845676d52a338434b1a1ee6fe41b580": 1, "TerminalGrou/4acdf713/shear_5nN_xt/0000/96f9e7c731b458de040612fb26688a90": 1, "TerminalGrou/4acdf713/nvt_equil_gr/0000/bcdcaf43234bc0e81b2134d7123f5b1f": 1, "TerminalGrou/4acdf713/mdrun_shear_/0000/2eccf3e72cb9aabdb05ee816817ca1a9": 1, "TerminalGrou/4acdf713/mdrun_shear_/0000/01b71133febcc285e897facc0b750286": 1, "TerminalGrou/4acdf713/calc_frictio/0000/6bfe3bcd7ddc2f72110292622dc484a7": 1, "TerminalGrou/4acdf713/shear_15nN_t/0000/555b6270e462c7129e02a0faef90c23f": 1, "TerminalGrou/4acdf713/lmp_to_gmx/0000/aee7b2510d0ea0f39f9137561f765667": 1}, "COF": 0.12195415942623666}