{"intercept": 0.9506038088110338, "_status": {"TerminalGrou/92b1326c/shear_25nN_g/0000/f8b603a91dccb8729197e7c2757898d8": 1, "TerminalGrou/92b1326c/shear_5nN_tr/0000/9959c86b70b6076aac694eba1f5166eb": 1, "TerminalGrou/92b1326c/mdrun_nvt/0000/421299f8e34291d65f1091a05010b6f6": 1, "TerminalGrou/92b1326c/mdrun_shear_/0000/5ba457e218ae2330a431f82a444ce91a": 1, "TerminalGrou/92b1326c/shear_5nN_gr/0000/bb2762cf28f78a68c13eb31fe0e956a8": 1, "TerminalGrou/92b1326c/fix_overlaps/0000/53be651bf338c08cfc2fe024dee555ad": 1, "TerminalGrou/92b1326c/shear_25nN_x/0000/1a6577ae9c910a4724c89a1058f3fd38": 1, "TerminalGrou/92b1326c/nvt_equil_gr/0000/3270859ec829ab4a8633c8efc35570b4": 1, "TerminalGrou/92b1326c/mdrun_em/0000/4d43893de5ab41f9b5ef8c39cdea4fb1": 1, "TerminalGrou/92b1326c/mdrun_shear_/0000/31a4d2f0f537c8be68175109c3ee3d0a": 1, "TerminalGrou/92b1326c/compress_gro/0000/d5bc3e917f493a70e888a16637f7a9db": 1, "TerminalGrou/92b1326c/lmp_to_gmx/0000/41584fed48b606a7357f00204b6ac9d1": 1, "TerminalGrou/92b1326c/shear_5nN_xt/0000/45ba0683f9d91ef615cceeffeed7e69b": 1, "TerminalGrou/92b1326c/calc_frictio/0000/9d23eed1a2083ce8381ac39b337c38de": 1, "TerminalGrou/92b1326c/mdrun_shear_/0000/41f5683f319ea4ee96b415406173f4ef": 1, "TerminalGrou/92b1326c/shear_15nN_g/0000/8ba4d7d71ebb529e558708308d5f3426": 1, "TerminalGrou/92b1326c/shear_25nN_t/0000/7311f25ab1fda9f3b4f78bdb10f27923": 1, "TerminalGrou/92b1326c/mdrun_compre/0000/915ee4dae1af0804c4b8d38f27692d13": 1, "TerminalGrou/92b1326c/em_grompp/0000/51116555acd3d6db4380151823d0bc0d": 1, "TerminalGrou/92b1326c/shear_15nN_t/0000/aa6e060913f73dc73e51b404933c9170": 1, "TerminalGrou/92b1326c/calc_cof/0000/615533614a52183d00a61ede71649f46": 1, "TerminalGrou/92b1326c/shear_15nN_x/0000/f55a9080b6007393f09ffa689b94b13d": 1, "TerminalGrou/92b1326c/initialize_s/0000/a491e5ffa5ebff0893b9744fa204a00c": 1}, "COF": 0.16417112541354975}