{"intercept": 6.27631251523262, "_status": {"TerminalGrou/da0e5188/shear_5nN_xt/0000/e8c6f3b92c8c3ba5554ec098549bcef1": 1, "TerminalGrou/da0e5188/calc_cof/0000/be50afcebf1db67b6f6f95f0d7d07210": 1, "TerminalGrou/da0e5188/shear_15nN_t/0000/fdc391ad2852f929988182bdf9299cea": 1, "TerminalGrou/da0e5188/lmp_to_gmx/0000/46090dd5c5bfa66f86ace4e050bfbdab": 1, "TerminalGrou/da0e5188/shear_5nN_tr/0000/72ca0b864ec4484913add61c0b154dcf": 1, "TerminalGrou/da0e5188/compress_gro/0000/bcc878bb9a49e4c9d6c2fbe9fa778777": 1, "TerminalGrou/da0e5188/mdrun_nvt/0000/f02c790b33ddf098f8aa5c5412d36b7f": 1, "TerminalGrou/da0e5188/initialize_s/0000/7aae9d267efeadc4ca1178ef9ff84f6e": 1, "TerminalGrou/da0e5188/mdrun_compre/0000/493a9d40822c80da5783b0f8f8a04e3e": 1, "TerminalGrou/da0e5188/shear_15nN_g/0000/376d753e39bc669f76e75f72292b14a4": 1, "TerminalGrou/da0e5188/shear_25nN_g/0000/18e746a24a807f4ed54d502fae92f925": 1, "TerminalGrou/da0e5188/mdrun_em/0000/2841475adf9cbfb77d0c92e4598ac6c1": 1, "TerminalGrou/da0e5188/mdrun_shear_/0000/e547cd40a002885d88410694cbe58b7d": 1, "TerminalGrou/da0e5188/calc_frictio/0000/c8c6f756e0c0663e2cd85e0ba88ac350": 1, "TerminalGrou/da0e5188/shear_5nN_gr/0000/2c5f682e2d5f8648534d2b03d21ac63d": 1, "TerminalGrou/da0e5188/shear_25nN_x/0000/28543b9a8997a92457587fa1b0540af5": 1, "TerminalGrou/da0e5188/mdrun_shear_/0000/d1078f8eee136929c2ae895c75887f2e": 1, "TerminalGrou/da0e5188/shear_15nN_x/0000/8a05f812632fe301e065d2405927573c": 1, "TerminalGrou/da0e5188/fix_overlaps/0000/6dbc78d70a37065464419c17d920d898": 1, "TerminalGrou/da0e5188/em_grompp/0000/d0c8190e19edfc78346f6f3c66499fc0": 1, "TerminalGrou/da0e5188/nvt_equil_gr/0000/54e80d1dc5f1517f894778eaaede6676": 1, "TerminalGrou/da0e5188/shear_25nN_t/0000/af9ce8c071e9d020c2e19caca5bd96c3": 1, "TerminalGrou/da0e5188/mdrun_shear_/0000/5262ba9598689991a2205e338f95f202": 1}, "COF": 0.12555082899446135}