{"intercept": 0.872633664361405, "_status": {"TerminalGrou/b272f1c9/shear_15nN_x/0000/7f0fefdb6309718c319482e90438ae96": 1, "TerminalGrou/b272f1c9/lmp_to_gmx/0000/e7ec57472037dd5894d9164cf09132bd": 1, "TerminalGrou/b272f1c9/fix_overlaps/0000/219902b7cc74552e457fc83b9a4aba1e": 1, "TerminalGrou/b272f1c9/compress_gro/0000/a4249b10077f5feec25adbb07c79d6eb": 1, "TerminalGrou/b272f1c9/shear_15nN_t/0000/b104de61868a08a08bc1a627224dd051": 1, "TerminalGrou/b272f1c9/initialize_s/0000/c2c7a4afd39568879a554159800b8f9c": 1, "TerminalGrou/b272f1c9/shear_5nN_gr/0000/0a68dbe3db873a6fb967ea54a9c9aee7": 1, "TerminalGrou/b272f1c9/shear_25nN_x/0000/21a3b468ba8b6b723ced590b14cf2bdd": 1, "TerminalGrou/b272f1c9/shear_25nN_g/0000/9b424c4330ca6aa4ecbbb6aa282267ef": 1, "TerminalGrou/b272f1c9/nvt_equil_gr/0000/b92cecfd8daf33605935a55f09edd74c": 1, "TerminalGrou/b272f1c9/mdrun_compre/0000/f637af4706be34c00f479e3a0e3db410": 1, "TerminalGrou/b272f1c9/shear_15nN_g/0000/0aad430036c6fcd814fa107cf4c0bb03": 1, "TerminalGrou/b272f1c9/calc_cof/0000/c2a384808fe3d0ca9f6abc84deea57a7": 1, "TerminalGrou/b272f1c9/shear_5nN_tr/0000/ee528604f4874c9253b502aff31588eb": 1, "TerminalGrou/b272f1c9/shear_5nN_xt/0000/c74aa720fc47dfea3300ecbd889ceb51": 1, "TerminalGrou/b272f1c9/em_grompp/0000/f4ade1abdaebded7f8e1c582bca3f3c2": 1, "TerminalGrou/b272f1c9/calc_frictio/0000/bdeed6d8d6cc7b6940ff2f9fdf75da19": 1, "TerminalGrou/b272f1c9/mdrun_nvt/0000/113b4685b475f79f6f3e7cd864aa4b32": 1, "TerminalGrou/b272f1c9/mdrun_shear_/0000/550d9c75f6dfdc5874060cdf7b67cf68": 1, "TerminalGrou/b272f1c9/shear_25nN_t/0000/ff8130fcaa058ed23b0a4ee2ba0abac3": 1, "TerminalGrou/b272f1c9/mdrun_em/0000/1d40b446823f7274be09ae61d77ad011": 1, "TerminalGrou/b272f1c9/mdrun_shear_/0000/472a347366b8e6403533aa4a85c825aa": 1, "TerminalGrou/b272f1c9/mdrun_shear_/0000/b989d9e975af5cbdf89f512f9e3856e6": 1}, "COF": 0.15636627068716807}