{"intercept": 1.4845781354065148, "_status": {"TerminalGrou/a371421b/calc_frictio/0000/5ea054287d3da6beeda520000f7a1d5d": 1, "TerminalGrou/a371421b/mdrun_nvt/0000/7c06a32972e17e5cb79624f74921193e": 1, "TerminalGrou/a371421b/shear_15nN_g/0000/ba781bac7524ec0a89f865c7ef1ea2d9": 1, "TerminalGrou/a371421b/shear_25nN_g/0000/c2928c625faa3816069c808afd4c6d16": 1, "TerminalGrou/a371421b/em_grompp/0000/743a45d591997c193af8225ae745e417": 1, "TerminalGrou/a371421b/shear_25nN_t/0000/42e8f5aa5b5efe037417f72ebaa1e143": 1, "TerminalGrou/a371421b/shear_25nN_x/0000/07eb2eaf3d5308a7b4fa7d0b2ce60585": 1, "TerminalGrou/a371421b/mdrun_em/0000/28b43fee51fbb7383980730fdc4a1e8f": 1, "TerminalGrou/a371421b/initialize_s/0000/b2ad6b142bca4d35f8f6124091d7c83d": 1, "TerminalGrou/a371421b/nvt_equil_gr/0000/ac70d54b5eaaa9fe5ce17867d11372a4": 1, "TerminalGrou/a371421b/mdrun_shear_/0000/e0e409634bf8cdf388f70cfc5113ab4d": 1, "TerminalGrou/a371421b/shear_15nN_x/0000/d5c1473f1a9b96ddb45def857954ece8": 1, "TerminalGrou/a371421b/calc_cof/0000/c0e9f5f496295753dc3c3d0adc99bbfb": 1, "TerminalGrou/a371421b/compress_gro/0000/c29513b031aa197c6e91749c8b60fbfb": 1, "TerminalGrou/a371421b/fix_overlaps/0000/8923c161d547e79ebe6d32ea12d84eb7": 1, "TerminalGrou/a371421b/shear_5nN_gr/0000/9b4e7f092bcc65fb12e148b60be891bd": 1, "TerminalGrou/a371421b/shear_5nN_xt/0000/acaab592365b5f0cbe9965dac08b5b60": 1, "TerminalGrou/a371421b/mdrun_compre/0000/a4db8a1de7ea905488f4e071b99489f1": 1, "TerminalGrou/a371421b/shear_5nN_tr/0000/c89465af9920969f9a572aa79b5728a5": 1, "TerminalGrou/a371421b/shear_15nN_t/0000/ee96be4796bff4599b6f5a0dcfced84f": 1, "TerminalGrou/a371421b/lmp_to_gmx/0000/275e9b6970f3d2fadefb25aff3198fe5": 1, "TerminalGrou/a371421b/mdrun_shear_/0000/d5c844c3e4bb8910e21576e84fa0902d": 1, "TerminalGrou/a371421b/mdrun_shear_/0000/e819d73619465e7946eef013aa099f15": 1}, "COF": 0.1424146785512766}