{"intercept": 0.6697504811531139, "_status": {"TerminalGrou/b0eb539a/mdrun_nvt/0000/56700ae5a85e76c7154dce2082158fbe": 1, "TerminalGrou/b0eb539a/shear_15nN_g/0000/33aab21da09376115c877146b87ec0ba": 1, "TerminalGrou/b0eb539a/shear_25nN_g/0000/dd137e90e1e75d301cc02278c1929b69": 1, "TerminalGrou/b0eb539a/nvt_equil_gr/0000/55971421f0966eef2fe6b7079417d839": 1, "TerminalGrou/b0eb539a/lmp_to_gmx/0000/55036750501b2d66866d55d143315321": 1, "TerminalGrou/b0eb539a/initialize_s/0000/ecfa1bd429e8dbab99bbf814aef6ae67": 1, "TerminalGrou/b0eb539a/mdrun_shear_/0000/4f9332f031bf5a730390da3711b0cc26": 1, "TerminalGrou/b0eb539a/calc_frictio/0000/f6aed9637186799abd5fe1108a67a6a5": 1, "TerminalGrou/b0eb539a/shear_5nN_xt/0000/ede243b595c77e1d77d96f7a607c5177": 1, "TerminalGrou/b0eb539a/mdrun_shear_/0000/97a1617be412c6d753c86a71a44b7635": 1, "TerminalGrou/b0eb539a/mdrun_em/0000/ceab98645795b88661e96be87576b89d": 1, "TerminalGrou/b0eb539a/compress_gro/0000/59b33ca2641f6ebc5cefd837b3d2f567": 1, "TerminalGrou/b0eb539a/fix_overlaps/0000/26e17eb1c9b3551266801b25864eedbc": 1, "TerminalGrou/b0eb539a/em_grompp/0000/c36d26c4c0f16f7c1bebb8aad5162439": 1, "TerminalGrou/b0eb539a/shear_25nN_t/0000/b4c7108b0e9b25a485e675f400a10f23": 1, "TerminalGrou/b0eb539a/mdrun_compre/0000/db858536fc72b95f862196b907c2708b": 1, "TerminalGrou/b0eb539a/shear_25nN_x/0000/a583216806570cc50cc0ac02438901b9": 1, "TerminalGrou/b0eb539a/shear_15nN_x/0000/c0a9d7a6deb063117449dffdb362be99": 1, "TerminalGrou/b0eb539a/shear_5nN_gr/0000/23a46361b3e5742314bdf52639c02667": 1, "TerminalGrou/b0eb539a/shear_15nN_t/0000/898dfe0db6b85386115f8c829ed1274d": 1, "TerminalGrou/b0eb539a/shear_5nN_tr/0000/debe8125b573b1b68d22264b1a438f12": 1, "TerminalGrou/b0eb539a/mdrun_shear_/0000/6c17a3b9efe7c0ec450ab94c82b8d795": 1, "TerminalGrou/b0eb539a/calc_cof/0000/0ba6afe89c331b68302fc77ca8da8153": 1}, "COF": 0.15781915498335283}