{"intercept": 6.795434587728888, "_status": {"TerminalGrou/f15ae607/shear_15nN_g/0000/53ceabef3cbe5688ad49152d324f9a80": 1, "TerminalGrou/f15ae607/fix_overlaps/0000/f2bfb1613045cf01189cda95a2cbd783": 1, "TerminalGrou/f15ae607/initialize_s/0000/6cfb0a85d75cdcd2bc641d324b03096a": 1, "TerminalGrou/f15ae607/calc_frictio/0000/8ec18372a212478168f9f90cd0c05453": 1, "TerminalGrou/f15ae607/mdrun_shear_/0000/e37786eee08262330a684561ed0268b2": 1, "TerminalGrou/f15ae607/nvt_equil_gr/0000/2c7f7bce656a85e3977bbe4b884ed635": 1, "TerminalGrou/f15ae607/shear_25nN_t/0000/92f9e237aad164a69ea99309811d4049": 1, "TerminalGrou/f15ae607/shear_5nN_gr/0000/dbfb7027f017b8d2aa2055697102d6c2": 1, "TerminalGrou/f15ae607/mdrun_em/0000/3a7aaad04585585a787b4814f19ee067": 1, "TerminalGrou/f15ae607/lmp_to_gmx/0000/e751ef61acc1eed202b7036515adef9f": 1, "TerminalGrou/f15ae607/shear_15nN_x/0000/13645bb43146e4a1baca55eb564d10b0": 1, "TerminalGrou/f15ae607/mdrun_shear_/0000/3db87994294d645392ebe773a7992549": 1, "TerminalGrou/f15ae607/shear_25nN_g/0000/bee0a0095bff7a55a09163c4fbb8b69b": 1, "TerminalGrou/f15ae607/mdrun_compre/0000/0ef7e40418dc813111c11d7eeae783f0": 1, "TerminalGrou/f15ae607/shear_5nN_tr/0000/b8c94137990e2411630b0e8f220c1f6d": 1, "TerminalGrou/f15ae607/shear_5nN_xt/0000/07420a9e4b826c3e9d888f7dd08a61c6": 1, "TerminalGrou/f15ae607/shear_25nN_x/0000/27a8f3cf679991dd574dc8956a6197f8": 1, "TerminalGrou/f15ae607/mdrun_shear_/0000/38df7c60de4195d8981318481b943d98": 1, "TerminalGrou/f15ae607/mdrun_nvt/0000/6e7da1076a32795d6f9f8e075dbef6f5": 1, "TerminalGrou/f15ae607/calc_cof/0000/5594132e2c20dbb4b922f81c9023d9bc": 1, "TerminalGrou/f15ae607/em_grompp/0000/8e83747542499a5ab87e957ffaf1358a": 1, "TerminalGrou/f15ae607/compress_gro/0000/3d7813da8354f8042de30c7f05ebb24c": 1, "TerminalGrou/f15ae607/shear_15nN_t/0000/b257bb83ac774cd4beed9e5b5f0f96e3": 1}, "COF": 0.1398295656061315}