{"intercept": 1.825307704332055, "_status": {"TerminalGrou/d249dc43/mdrun_shear_/0000/9bc6d3a3de1f310c0502384e6302e1e7": 1, "TerminalGrou/d249dc43/calc_frictio/0000/f616cfdd5f08143f092162895149728d": 1, "TerminalGrou/d249dc43/shear_5nN_xt/0000/ca984993fd1ba52d4c578154e172a03c": 1, "TerminalGrou/d249dc43/initialize_s/0000/35c6a363f7485c2f0053525a9ac66699": 1, "TerminalGrou/d249dc43/mdrun_compre/0000/c0fd9940b61beed55ae0d33aea3c78cf": 1, "TerminalGrou/d249dc43/mdrun_shear_/0000/b58738723e3bb403927f924d6a2caeee": 1, "TerminalGrou/d249dc43/shear_25nN_g/0000/27954cdf8830cc92549d6b77a597061d": 1, "TerminalGrou/d249dc43/mdrun_nvt/0000/e84a92ead0a46e2f500425c9a977f3b0": 1, "TerminalGrou/d249dc43/shear_25nN_t/0000/6b9ea8c14f10cb44c25c49dbed3b96e0": 1, "TerminalGrou/d249dc43/compress_gro/0000/0d4ae4d72d84c88596aa35c12d015e2e": 1, "TerminalGrou/d249dc43/calc_cof/0000/50f5ace6fb730f515f96d606c11e0cc1": 1, "TerminalGrou/d249dc43/shear_25nN_x/0000/a0400653892f59e2bd426c07227e200a": 1, "TerminalGrou/d249dc43/em_grompp/0000/e354b577cb218f4cdabacf21b1a169ff": 1, "TerminalGrou/d249dc43/mdrun_em/0000/67e81088aede3f10e4ce313060aae704": 1, "TerminalGrou/d249dc43/shear_15nN_g/0000/ba43ec65903a0c4206870ffc9cb3ca59": 1, "TerminalGrou/d249dc43/shear_15nN_t/0000/7f4a27c19c0f6b8111c4107b2e1744c2": 1, "TerminalGrou/d249dc43/shear_5nN_gr/0000/2949d29ae8fbdeb9c5466d2505122209": 1, "TerminalGrou/d249dc43/shear_15nN_x/0000/90c780f6c7d45acb004af8915f4a2f3b": 1, "TerminalGrou/d249dc43/shear_5nN_tr/0000/62985ead3e6657bd47112ea242e2146e": 1, "TerminalGrou/d249dc43/lmp_to_gmx/0000/4c6aa5d246c30bbb677f9ca3b3fd2f53": 1, "TerminalGrou/d249dc43/fix_overlaps/0000/1e13bda4ab53e3ff5bfc7e462a29c884": 1, "TerminalGrou/d249dc43/mdrun_shear_/0000/188156b3caa0abb0adac89427008bc18": 1, "TerminalGrou/d249dc43/nvt_equil_gr/0000/0a8cbaf1a8bcc9b5c1116c62800bb2b8": 1}, "COF": 0.16237581162901432}