{"intercept": 0.5615646994968992, "_status": {"TerminalGrou/51877953/shear_5nN_xt/0000/b8006c5c5fe08ced0a715823ca3c449e": 1, "TerminalGrou/51877953/initialize_s/0000/0e6ca5ccccf20b5df39daee4443c6782": 1, "TerminalGrou/51877953/calc_cof/0000/858871bc24a1e43f988ce27b907a0e53": 1, "TerminalGrou/51877953/shear_25nN_x/0000/1698fb456982d9b2b6121b86b18ba914": 1, "TerminalGrou/51877953/mdrun_shear_/0000/77a3419d2521f0435da86c803a08e776": 1, "TerminalGrou/51877953/mdrun_em/0000/95f04a807c48acad7604a158a9eaa017": 1, "TerminalGrou/51877953/shear_5nN_tr/0000/311b2baa399560ba12404c5fbc74ee5b": 1, "TerminalGrou/51877953/em_grompp/0000/22d57f863fa749f4534afd521a1bb930": 1, "TerminalGrou/51877953/lmp_to_gmx/0000/8f1dd5dafc1bba90060a42b3c014a365": 1, "TerminalGrou/51877953/calc_frictio/0000/af82abea1df78de3c13f7763148b1150": 1, "TerminalGrou/51877953/mdrun_shear_/0000/f4f007bfaf4962a89dbbbb6db94863e8": 1, "TerminalGrou/51877953/shear_15nN_x/0000/ec9b521935f5fa0711212083dc39f4fa": 1, "TerminalGrou/51877953/mdrun_nvt/0000/b269bf2790edfdc2b1936ec769f5c482": 1, "TerminalGrou/51877953/mdrun_compre/0000/f737daff37d8d8ea5742111a1de90517": 1, "TerminalGrou/51877953/nvt_equil_gr/0000/acd8661f7bbdf44ca683e0d19253d2b5": 1, "TerminalGrou/51877953/shear_15nN_g/0000/16e5ea3559c915d49677d33a896ff0b3": 1, "TerminalGrou/51877953/mdrun_shear_/0000/108790b45e795c0a55adb96ffb9de14b": 1, "TerminalGrou/51877953/shear_5nN_gr/0000/13943f70e0dc198c14551b16e7931268": 1, "TerminalGrou/51877953/shear_25nN_g/0000/558b6418b519a0dfa922d84f903581c6": 1, "TerminalGrou/51877953/shear_25nN_t/0000/ad74ab2bc162248dcec09a294e3e2dd1": 1, "TerminalGrou/51877953/shear_15nN_t/0000/0752abe0baf3b5a1f7df9b373e38e264": 1, "TerminalGrou/51877953/compress_gro/0000/bc1432810e28458c4d1b706e27aad364": 1, "TerminalGrou/51877953/fix_overlaps/0000/9ef1eea045e161c71cd7c53297732d58": 1}, "COF": 0.10735115136839175}