{"intercept": 1.0484504251154267, "_status": {"TerminalGrou/d9a9e7ff/compress_gro/0000/671c159de8434ca3ba477120c16ac537": 1, "TerminalGrou/d9a9e7ff/calc_cof/0000/7296c2893ae43d4152c341300821f81a": 1, "TerminalGrou/d9a9e7ff/shear_15nN_t/0000/f2434574751314d9e253d2994218ae14": 1, "TerminalGrou/d9a9e7ff/mdrun_shear_/0000/38eed6f022b301674cc27cf4c097bf35": 1, "TerminalGrou/d9a9e7ff/mdrun_shear_/0000/824901096e03a86af0db75ec3fe78fa3": 1, "TerminalGrou/d9a9e7ff/fix_overlaps/0000/b13cbc2cbc29f17e46b87af4b038ac90": 1, "TerminalGrou/d9a9e7ff/em_grompp/0000/89e196d84f9903bbe5ec4988a2c56cf0": 1, "TerminalGrou/d9a9e7ff/shear_5nN_gr/0000/e568f2a18416b0d4da3a870d221334a7": 1, "TerminalGrou/d9a9e7ff/mdrun_em/0000/9c40c2055a2548e750e36a44965047e6": 1, "TerminalGrou/d9a9e7ff/mdrun_nvt/0000/ebbd598a828c92d07ef137a496b9209b": 1, "TerminalGrou/d9a9e7ff/shear_15nN_g/0000/b9f867253f646f1c8f23217e0a250294": 1, "TerminalGrou/d9a9e7ff/shear_5nN_tr/0000/ba387af50e0bb890ee894c1a10a2ff9c": 1, "TerminalGrou/d9a9e7ff/shear_25nN_g/0000/c9176090568165d59763131c8ee9e523": 1, "TerminalGrou/d9a9e7ff/nvt_equil_gr/0000/543bf22ed0b123b754f931dcfaa609de": 1, "TerminalGrou/d9a9e7ff/mdrun_shear_/0000/5c32599c611aa7ca094a41f540fc9080": 1, "TerminalGrou/d9a9e7ff/lmp_to_gmx/0000/bdfcd3bd4e70869e6534fc5118b2a1c4": 1, "TerminalGrou/d9a9e7ff/initialize_s/0000/a4b561ec08b225ac1e6b5ca9acf0a2cf": 1, "TerminalGrou/d9a9e7ff/shear_15nN_x/0000/f5d1ab56aef2ced5e2d9ae869c160fdb": 1, "TerminalGrou/d9a9e7ff/shear_25nN_t/0000/852cc446a4e621eea95301d1becffd6d": 1, "TerminalGrou/d9a9e7ff/calc_frictio/0000/12d2241c1771553c70de48798e96b943": 1, "TerminalGrou/d9a9e7ff/shear_5nN_xt/0000/b15c4fff0a884b85298249eafe5c3fb3": 1, "TerminalGrou/d9a9e7ff/mdrun_compre/0000/cb96c0c7e95cca8278da29fdc54dec31": 1, "TerminalGrou/d9a9e7ff/shear_25nN_x/0000/5498db6f86d45a1b6366e86375367489": 1}, "COF": 0.15159396386641014}