{"intercept": 0.6303323418460676, "_status": {"TerminalGrou/70ba0580/mdrun_shear_/0000/3fd1fe3219d4fe614614f6c38e25898d": 1, "TerminalGrou/70ba0580/initialize_s/0000/80185831c699a15a6af8aca8b4a0f379": 1, "TerminalGrou/70ba0580/mdrun_compre/0000/fb66f6c2a45b342497f41254851d82da": 1, "TerminalGrou/70ba0580/shear_5nN_gr/0000/060de70de5bd29645d7a047f12704478": 1, "TerminalGrou/70ba0580/em_grompp/0000/4076378fa5ccb4470112132a0659b377": 1, "TerminalGrou/70ba0580/shear_5nN_tr/0000/96792961bc012e7acdbe569ac9a1b30b": 1, "TerminalGrou/70ba0580/calc_cof/0000/f7274fa8878b2dea3c1e71444f84524b": 1, "TerminalGrou/70ba0580/compress_gro/0000/91c58a5a07f899afeca3291bea4e684d": 1, "TerminalGrou/70ba0580/nvt_equil_gr/0000/9a1f54cb0a750664a286ffceab9c7ce9": 1, "TerminalGrou/70ba0580/mdrun_shear_/0000/53f28319d0232990224bcceada536ceb": 1, "TerminalGrou/70ba0580/shear_15nN_g/0000/95e7f8a7c76bd3808c223d2565dddc0a": 1, "TerminalGrou/70ba0580/mdrun_nvt/0000/7f83472cd2182eba47dad2ed2adccb50": 1, "TerminalGrou/70ba0580/calc_frictio/0000/7bf08e4be6ef7b4cbfcac9ce649e43c8": 1, "TerminalGrou/70ba0580/mdrun_em/0000/85f2ecf66d224dcdac9c46df5935808b": 1, "TerminalGrou/70ba0580/shear_15nN_x/0000/d9a9dbf66bbd4192264d6ed5cc79bb23": 1, "TerminalGrou/70ba0580/lmp_to_gmx/0000/afbecbb339bad15c6e277824c67368dd": 1, "TerminalGrou/70ba0580/shear_25nN_x/0000/d2f6b3aca52cbc9b553546172d0fccd9": 1, "TerminalGrou/70ba0580/mdrun_shear_/0000/485e6a420fda32eabac9411826e3d245": 1, "TerminalGrou/70ba0580/shear_15nN_t/0000/26ac52fa62a9da7997f599c1eccf3297": 1, "TerminalGrou/70ba0580/shear_25nN_t/0000/b6794e110185bf4448f0464a684298d3": 1, "TerminalGrou/70ba0580/shear_5nN_xt/0000/796717e1a05e0625251bcda8efc18898": 1, "TerminalGrou/70ba0580/fix_overlaps/0000/3e755f2b5a5ac63a026a6c57d80fa9e4": 1, "TerminalGrou/70ba0580/shear_25nN_g/0000/5e26260b231b165e5651a37a2e6b8509": 1}, "COF": 0.15928310308180135}