{"intercept": -0.2531581763154782, "_status": {"TerminalGrou/53b0de5d/shear_25nN_t/0000/3afeb652456746ca4ea23fa9f6cee268": 1, "TerminalGrou/53b0de5d/calc_cof/0000/485a0c67d569fa91e9f9e80157fd6c3d": 1, "TerminalGrou/53b0de5d/mdrun_nvt/0000/82531dc6373e2fe78d2e7cca5d2ff512": 1, "TerminalGrou/53b0de5d/shear_5nN_gr/0000/3c2295b1c222879fd7d8fb6e61757c10": 1, "TerminalGrou/53b0de5d/shear_5nN_xt/0000/9e7af31941228685f99805298fd0f56d": 1, "TerminalGrou/53b0de5d/em_grompp/0000/d8eceb02ab7e4adb8b2c2461ba379420": 1, "TerminalGrou/53b0de5d/mdrun_shear_/0000/5c4ebbf82af1e1b075cf7f25f579ae37": 1, "TerminalGrou/53b0de5d/fix_overlaps/0000/2ef33d145e2c16416475d2ff838ed22a": 1, "TerminalGrou/53b0de5d/calc_frictio/0000/70eee23c008b53892c52e2b71c987dd7": 1, "TerminalGrou/53b0de5d/lmp_to_gmx/0000/fa6c0965ab724ee7870bfbb688954f11": 1, "TerminalGrou/53b0de5d/mdrun_shear_/0000/8c5e7d18151fe56f9198765169dab168": 1, "TerminalGrou/53b0de5d/mdrun_em/0000/be6b9e873fb7df0521ed2acc8df31e66": 1, "TerminalGrou/53b0de5d/mdrun_shear_/0000/1d9a586daa3616a3911a64cca89d7e09": 1, "TerminalGrou/53b0de5d/shear_15nN_g/0000/fdde769b167cbea93f53e9802c49cb54": 1, "TerminalGrou/53b0de5d/shear_25nN_x/0000/6dcefe6d4828a20ecbcdc7f48f6dcb9d": 1, "TerminalGrou/53b0de5d/mdrun_compre/0000/2b753fcc1587d8285676133c174de2e2": 1, "TerminalGrou/53b0de5d/compress_gro/0000/c2f230da41bd4462313cf20a38a0196d": 1, "TerminalGrou/53b0de5d/shear_5nN_tr/0000/b7bd2c9d7246730f438cb01f1bb7b011": 1, "TerminalGrou/53b0de5d/shear_15nN_t/0000/9f552fe07818d50e87d6f40803149bca": 1, "TerminalGrou/53b0de5d/shear_15nN_x/0000/fb4392a032179922a521653c7f956e26": 1, "TerminalGrou/53b0de5d/shear_25nN_g/0000/3fcc4e551f1c2da6a1a8350c4af1f489": 1, "TerminalGrou/53b0de5d/initialize_s/0000/e0fd8fd6cc8e5818cc6dffe15af36cec": 1, "TerminalGrou/53b0de5d/nvt_equil_gr/0000/e602304172d13db39eeac8059e6ff49d": 1}, "COF": 0.1695764709505049}