{"intercept": 1.575538561615387, "_status": {"TerminalGrou/14d1f4e5/mdrun_shear_/0000/a97a9a67bafb8c95d2ae6593ab233e1a": 1, "TerminalGrou/14d1f4e5/shear_25nN_x/0000/a2019927139fe5e08e3ea68edd1bcc32": 1, "TerminalGrou/14d1f4e5/shear_5nN_tr/0000/dbc99205b103e7d77a45f98ddb6f4d87": 1, "TerminalGrou/14d1f4e5/em_grompp/0000/3ef33bee60b3fd3e0ab28b4dbbad05ad": 1, "TerminalGrou/14d1f4e5/shear_5nN_xt/0000/af64adc098ecc7b8d73514105a066b7c": 1, "TerminalGrou/14d1f4e5/mdrun_compre/0000/9023d094da71bf95057577799cc44c2a": 1, "TerminalGrou/14d1f4e5/shear_25nN_t/0000/654efc4d258a38f804d944489a28a20f": 1, "TerminalGrou/14d1f4e5/mdrun_shear_/0000/8cba4c7e3d61b31c42279ad764eca096": 1, "TerminalGrou/14d1f4e5/lmp_to_gmx/0000/dbc07188700751453ae5818469d6998c": 1, "TerminalGrou/14d1f4e5/calc_frictio/0000/84c1d38ec6b51df2c2143a0a165179ee": 1, "TerminalGrou/14d1f4e5/compress_gro/0000/e2dc1bc0df421d30897fea46f01236dc": 1, "TerminalGrou/14d1f4e5/mdrun_shear_/0000/ac4a1bcb4b898d50312240c248c12587": 1, "TerminalGrou/14d1f4e5/initialize_s/0000/9c12e2d8df137fd11455ff147e9a080a": 1, "TerminalGrou/14d1f4e5/shear_25nN_g/0000/973380afef544b0b6f9f588ccf4f205b": 1, "TerminalGrou/14d1f4e5/nvt_equil_gr/0000/b384df579228e99afb942d0b3641527f": 1, "TerminalGrou/14d1f4e5/shear_15nN_g/0000/5e4f4eb9a17bb4bd2228f1d8505ef6c5": 1, "TerminalGrou/14d1f4e5/fix_overlaps/0000/4bf61c5276b54c2525e0b9c00fca5880": 1, "TerminalGrou/14d1f4e5/shear_15nN_t/0000/11675972d022154ee79adb235207db6d": 1, "TerminalGrou/14d1f4e5/shear_5nN_gr/0000/44caddf8cc3dcaae424941bb5fab7715": 1, "TerminalGrou/14d1f4e5/shear_15nN_x/0000/3bbe83dbcf061cb5ad4bdd8bf6fa9ed1": 1, "TerminalGrou/14d1f4e5/calc_cof/0000/eb7b817220f240e35b43f9d26a9d64bd": 1, "TerminalGrou/14d1f4e5/mdrun_em/0000/df771c527b957f10513f572668295494": 1, "TerminalGrou/14d1f4e5/mdrun_nvt/0000/fd8f00f92ca66f89c88307d1a238b24f": 1}, "COF": 0.13379662333058787}