{"intercept": 0.6232268290590528, "_status": {"TerminalGrou/e57fcea1/shear_25nN_x/0000/25f985329d7f0fbeb0e3ac300f26f349": 1, "TerminalGrou/e57fcea1/calc_cof/0000/7fb39d94b22b0c5b1b9099c587b4b3c9": 1, "TerminalGrou/e57fcea1/initialize_s/0000/66fbba374b97f1c2f2f2a1c58caa9a07": 1, "TerminalGrou/e57fcea1/shear_15nN_g/0000/6543eddcc2b7c630282c84c350353d0f": 1, "TerminalGrou/e57fcea1/shear_25nN_g/0000/491da25245533abaa93e15f2988c27e3": 1, "TerminalGrou/e57fcea1/em_grompp/0000/bfe84bb9e54e6209990b24cc29ab2abe": 1, "TerminalGrou/e57fcea1/mdrun_compre/0000/a51d352b9ba2c5230f747bb8979611dc": 1, "TerminalGrou/e57fcea1/mdrun_nvt/0000/193e862916722632e6a5ff78e41e21a8": 1, "TerminalGrou/e57fcea1/mdrun_shear_/0000/709444bd63a34f87506651b54225f965": 1, "TerminalGrou/e57fcea1/lmp_to_gmx/0000/843f4adf45579e22acd92614dd420436": 1, "TerminalGrou/e57fcea1/mdrun_shear_/0000/e11ebb8df405e27b99c9b9aea6368f30": 1, "TerminalGrou/e57fcea1/shear_25nN_t/0000/ee54993fdd19dd4e9e935929898359d5": 1, "TerminalGrou/e57fcea1/shear_15nN_x/0000/544ed60b0d26daad917822510920b954": 1, "TerminalGrou/e57fcea1/calc_frictio/0000/d9ebd5a15163d71d5eb52d898e5a523c": 1, "TerminalGrou/e57fcea1/compress_gro/0000/60c326ea79561f382790fb53c310821f": 1, "TerminalGrou/e57fcea1/nvt_equil_gr/0000/dce430510c5131e1e284541649d6d5fe": 1, "TerminalGrou/e57fcea1/shear_5nN_gr/0000/ba2b89cb78aaf908be065f617cffe860": 1, "TerminalGrou/e57fcea1/shear_5nN_xt/0000/c2c810e78e1a9b3b7d1f441340351a4d": 1, "TerminalGrou/e57fcea1/shear_15nN_t/0000/f0120197c275fee588dfcaf338942548": 1, "TerminalGrou/e57fcea1/mdrun_em/0000/b729b07a359e39680e36680a4403d44a": 1, "TerminalGrou/e57fcea1/shear_5nN_tr/0000/e5255a38261050ec81c9eec4f6f11dd2": 1, "TerminalGrou/e57fcea1/mdrun_shear_/0000/be128449a90e5f1f738230acbcbcce88": 1, "TerminalGrou/e57fcea1/fix_overlaps/0000/d6d8bc5d15597abff7092141cfb43408": 1}, "COF": 0.1549781531147381}