{"intercept": 0.8171484313102315, "_status": {"TerminalGrou/330ca8dc/mdrun_shear_/0000/f70532c319d7ce1a26a5ecff8ec09489": 1, "TerminalGrou/330ca8dc/em_grompp/0000/fda26813140f7b4bf610d48ee2e21a08": 1, "TerminalGrou/330ca8dc/shear_25nN_g/0000/97d0ad5f980d31705e9cc3fd4d678b5b": 1, "TerminalGrou/330ca8dc/initialize_s/0000/97db8ddadc561402c1746a2e00c615fe": 1, "TerminalGrou/330ca8dc/compress_gro/0000/b49c4dce30115e2d3ce31cb491c2ccdc": 1, "TerminalGrou/330ca8dc/mdrun_shear_/0000/0ab81984253cc8663a2962632e00a2a9": 1, "TerminalGrou/330ca8dc/mdrun_nvt/0000/a1529c278d9c97b695225e3870c83f83": 1, "TerminalGrou/330ca8dc/mdrun_em/0000/76b6d706cdf44c4203b5b7f37bdb3814": 1, "TerminalGrou/330ca8dc/shear_25nN_x/0000/3cf076b148966d776fbab9b5659e8266": 1, "TerminalGrou/330ca8dc/fix_overlaps/0000/e72579368c7c2a5681e95c49848381e8": 1, "TerminalGrou/330ca8dc/shear_15nN_x/0000/3a9c351f7e3bc17884157f99ba55491d": 1, "TerminalGrou/330ca8dc/shear_15nN_t/0000/e6775396674dfb8782c7540b2b0c5b1c": 1, "TerminalGrou/330ca8dc/lmp_to_gmx/0000/4a809ff8b68ac0b7f96c4ef5aa766ec8": 1, "TerminalGrou/330ca8dc/calc_cof/0000/b50d3f8bf0450c7a7621e8891b4191e1": 1, "TerminalGrou/330ca8dc/shear_15nN_g/0000/d0f545f3b71dd08b1db9878d6d47dacd": 1, "TerminalGrou/330ca8dc/shear_5nN_tr/0000/83286dc777caae2f60fb081111dc8f0f": 1, "TerminalGrou/330ca8dc/shear_5nN_xt/0000/d8b40b59af757b28b6086babb00871f3": 1, "TerminalGrou/330ca8dc/shear_5nN_gr/0000/95dcabc9243d2ede22501258f153375a": 1, "TerminalGrou/330ca8dc/mdrun_shear_/0000/44c8a6f89ae6aa2f5e50a19bbfae32dc": 1, "TerminalGrou/330ca8dc/calc_frictio/0000/466129e328614ea4d1e042bd5a614cd7": 1, "TerminalGrou/330ca8dc/mdrun_compre/0000/eedc6b5b210bb7f107b3aacb49bff253": 1, "TerminalGrou/330ca8dc/nvt_equil_gr/0000/2eb19efdc616da44b0d9dd5d38a73ac1": 1, "TerminalGrou/330ca8dc/shear_25nN_t/0000/95dc86128294829b6959796b19d3da5c": 1}, "COF": 0.14970241025781778}