{"intercept": 0.8511554600038886, "_status": {"TerminalGrou/49cca175/shear_5nN_gr/0000/1dea42a394d24b6d22d9c92dc801c433": 1, "TerminalGrou/49cca175/shear_25nN_x/0000/302b3befc5254f9faf693772ebd7b4a6": 1, "TerminalGrou/49cca175/mdrun_compre/0000/467a64144bcd0671c42cf8f62d9d8bff": 1, "TerminalGrou/49cca175/mdrun_shear_/0000/75c5d92623f5f26f4e5f902e559926ce": 1, "TerminalGrou/49cca175/initialize_s/0000/691174028d8558ce1a140c5af6e75db5": 1, "TerminalGrou/49cca175/fix_overlaps/0000/7abc513aabe814894a3152a3e510c25a": 1, "TerminalGrou/49cca175/calc_cof/0000/a7d982fa61bc4c8d340a7a170a4e0052": 1, "TerminalGrou/49cca175/lmp_to_gmx/0000/1881885ffbe71ee28e8bb9aedd97eee2": 1, "TerminalGrou/49cca175/shear_25nN_t/0000/054905a2089fc13dbf52ecebdb38785f": 1, "TerminalGrou/49cca175/calc_frictio/0000/0d935d0c666e8b1fd804f5ff2b49ab26": 1, "TerminalGrou/49cca175/compress_gro/0000/6be9181903a6a7bb423c48adbdf2ecd4": 1, "TerminalGrou/49cca175/mdrun_em/0000/a44d06cfe9a9d1bd3617feb12b78d2a2": 1, "TerminalGrou/49cca175/shear_5nN_xt/0000/da14bf8b6bba932de1a57435188dc5b5": 1, "TerminalGrou/49cca175/mdrun_shear_/0000/92399be059247b5ecfb955c7846c4394": 1, "TerminalGrou/49cca175/nvt_equil_gr/0000/2b0a7673b18382fb4f8adb33eed24c31": 1, "TerminalGrou/49cca175/mdrun_shear_/0000/fe16ffca49c9174916cc2f919b429587": 1, "TerminalGrou/49cca175/shear_15nN_x/0000/777832b010a2ee8a99160cccd8e91d6c": 1, "TerminalGrou/49cca175/shear_5nN_tr/0000/1c8a53e4fbe74af96ec90fda4fc1f21e": 1, "TerminalGrou/49cca175/em_grompp/0000/6dc4814d1580442686e907c890ba90eb": 1, "TerminalGrou/49cca175/mdrun_nvt/0000/18a79f9a2c83633461de5363b4a5bf76": 1, "TerminalGrou/49cca175/shear_25nN_g/0000/8fc2463f39031bbbeca41f8f7f107fb7": 1, "TerminalGrou/49cca175/shear_15nN_g/0000/abd4ecbbc1337d40569c0d8179b54ed0": 1, "TerminalGrou/49cca175/shear_15nN_t/0000/4cd130988b2d3d589d739e787e885cd7": 1}, "COF": 0.12302944818205175}