{"intercept": 0.9856237668589043, "_status": {"TerminalGrou/848c57b1/initialize_s/0000/d7f53a3f18bca76cc330b7ed6605fdb2": 1, "TerminalGrou/848c57b1/mdrun_compre/0000/96280e4e84d2d1124a9e87d4d2ae25be": 1, "TerminalGrou/848c57b1/calc_frictio/0000/50da203e579b550ddde0f0fd9dcdaa90": 1, "TerminalGrou/848c57b1/mdrun_shear_/0000/23b4ca3e66bd86bd6aa38e697288cc84": 1, "TerminalGrou/848c57b1/shear_25nN_g/0000/e77f0e891e4e145fcf49976141a86176": 1, "TerminalGrou/848c57b1/shear_15nN_g/0000/2586c8c56bd4d4e27ee0183404ea03fe": 1, "TerminalGrou/848c57b1/shear_5nN_tr/0000/2473ee9ead0c34154bcb154bebf56252": 1, "TerminalGrou/848c57b1/mdrun_shear_/0000/4716aa26a922f0f02445ba69827a5ce7": 1, "TerminalGrou/848c57b1/mdrun_em/0000/530d1dbf4ca5b7c070f1cb87692e1811": 1, "TerminalGrou/848c57b1/shear_5nN_xt/0000/feb654266584aa1fff75c0a8394e2aa1": 1, "TerminalGrou/848c57b1/nvt_equil_gr/0000/0ed7e8066207dd07dcd757399b8f7239": 1, "TerminalGrou/848c57b1/lmp_to_gmx/0000/3a7e33338df4e1bc301e7e6ff6460423": 1, "TerminalGrou/848c57b1/mdrun_shear_/0000/994c30610493ce7a817e86b5e2505304": 1, "TerminalGrou/848c57b1/shear_5nN_gr/0000/1c74c7b59875b74e863796f94aaa2be1": 1, "TerminalGrou/848c57b1/mdrun_nvt/0000/eff369bc2bee9f105a67d2955595b1d8": 1, "TerminalGrou/848c57b1/compress_gro/0000/547e42f1e23710887b7fcfa5d3d7dd8b": 1, "TerminalGrou/848c57b1/fix_overlaps/0000/71b23cafa5f457b72e535163736a28b3": 1, "TerminalGrou/848c57b1/shear_15nN_x/0000/137b9298805941799aefae58a5f8b3aa": 1, "TerminalGrou/848c57b1/shear_25nN_x/0000/a5b01cf33ee28b655af8f9653ee32732": 1, "TerminalGrou/848c57b1/shear_25nN_t/0000/2d4f5c4022e2b6263761b87daa95927b": 1, "TerminalGrou/848c57b1/calc_cof/0000/4d1b190c59a3788de371a0a281e4b421": 1, "TerminalGrou/848c57b1/em_grompp/0000/6e0eb7883144d381e1ed1be545282f4b": 1, "TerminalGrou/848c57b1/shear_15nN_t/0000/dd9c1131fa592632bcbeda038f09b1f3": 1}, "COF": 0.15710097241976162}