{"intercept": 0.7452649102854088, "_status": {"TerminalGrou/865a2bc2/mdrun_compre/0000/db8901039ef47ccde1414b889ca9bb16": 1, "TerminalGrou/865a2bc2/mdrun_em/0000/558cf3543e9811183a714fba0ec161ca": 1, "TerminalGrou/865a2bc2/shear_15nN_g/0000/8b996ddef57637c19b9bf51177bc258a": 1, "TerminalGrou/865a2bc2/shear_5nN_tr/0000/305384450277aae57dea2f8898c473ce": 1, "TerminalGrou/865a2bc2/mdrun_shear_/0000/1c06eed1d7245c09e0f94698adf48646": 1, "TerminalGrou/865a2bc2/calc_cof/0000/7386e3d34d379372a5d9b6f00a10af0c": 1, "TerminalGrou/865a2bc2/initialize_s/0000/076ae59c91a79e248b1943c3b0931f52": 1, "TerminalGrou/865a2bc2/shear_5nN_gr/0000/395f19ee46855bb974136b10143807ed": 1, "TerminalGrou/865a2bc2/calc_frictio/0000/df4c266c0a29abba5a82195cdb05ec42": 1, "TerminalGrou/865a2bc2/shear_25nN_x/0000/39baabb4111538fdad0020a5eb5aae02": 1, "TerminalGrou/865a2bc2/shear_15nN_t/0000/d5a3cb886f404238ae82c19befc940f4": 1, "TerminalGrou/865a2bc2/shear_25nN_g/0000/1edb6fc0b233c5602bc5df7b621697dd": 1, "TerminalGrou/865a2bc2/mdrun_shear_/0000/d650ec9f7a24632afb941fa8d37f01b2": 1, "TerminalGrou/865a2bc2/shear_25nN_t/0000/07dc4c2b458174e18e27dc4228547d73": 1, "TerminalGrou/865a2bc2/mdrun_nvt/0000/2b7769fd7eb3c8e985266fd0a5e6cd09": 1, "TerminalGrou/865a2bc2/lmp_to_gmx/0000/1dbd06819b8667bfeb1be6c26d94f6c6": 1, "TerminalGrou/865a2bc2/shear_15nN_x/0000/4df9eea753890ec6c0c44b382a8e33bb": 1, "TerminalGrou/865a2bc2/fix_overlaps/0000/c1d86f2cbcc9b257181efc123f72632a": 1, "TerminalGrou/865a2bc2/shear_5nN_xt/0000/7d041b1e4e8c83636b3eb8ef6cff2564": 1, "TerminalGrou/865a2bc2/nvt_equil_gr/0000/97dc41bfeda938a9316431cc3c84a77c": 1, "TerminalGrou/865a2bc2/em_grompp/0000/e9d7b6cd349690f8d298e49e3ffd7bb3": 1, "TerminalGrou/865a2bc2/mdrun_shear_/0000/4db789846a4096fd46a87c554d01a323": 1, "TerminalGrou/865a2bc2/compress_gro/0000/e9c0551f714bc966a30acd4dd830e548": 1}, "COF": 0.12119297787852103}