{"intercept": 1.0889136048201666, "_status": {"TerminalGrou/2523041a/fix_overlaps/0000/e9536ecf7bbc9c90da24285e827e0fb7": 1, "TerminalGrou/2523041a/mdrun_em/0000/3ac379b7907eb10b1f69e7fc38a4eb75": 1, "TerminalGrou/2523041a/nvt_equil_gr/0000/ef8654fd1eef88d545b5c25529040ffc": 1, "TerminalGrou/2523041a/lmp_to_gmx/0000/2e41217b04ef1f9aafb432f4ae1dc9dc": 1, "TerminalGrou/2523041a/initialize_s/0000/34fa4137b90f5fea609fb53aab0f13f3": 1, "TerminalGrou/2523041a/shear_15nN_g/0000/01f5d7eecb81ef665144baa6cf55a68d": 1, "TerminalGrou/2523041a/shear_15nN_t/0000/53ff4470732bd8fdb2b52a1afeb39d9a": 1, "TerminalGrou/2523041a/em_grompp/0000/62191b6ea3864cbc862324544cd93ff8": 1, "TerminalGrou/2523041a/shear_15nN_x/0000/bf416b8378fc5a7c41165669fd5043a6": 1, "TerminalGrou/2523041a/shear_5nN_tr/0000/1945a72be39b40a3294eb7678ff4d83c": 1, "TerminalGrou/2523041a/calc_frictio/0000/0f42d907b8302ced4af3d3c0eb3e6367": 1, "TerminalGrou/2523041a/mdrun_shear_/0000/376ed65e62191ee41322538eb7fe658f": 1, "TerminalGrou/2523041a/calc_cof/0000/876ee6b2816839a37f069fad9130253b": 1, "TerminalGrou/2523041a/mdrun_shear_/0000/69c1088d05a79aea45c6e9f265ee475c": 1, "TerminalGrou/2523041a/mdrun_compre/0000/5ba7b7447d57600e1f607028585516c6": 1, "TerminalGrou/2523041a/compress_gro/0000/0f1b4a7ab2669510a48e71a6fd454b0f": 1, "TerminalGrou/2523041a/shear_25nN_t/0000/faae374053efc5950ff8ff7227ed9254": 1, "TerminalGrou/2523041a/mdrun_nvt/0000/65327ccdcbcf11486cdf1e77ea2a234c": 1, "TerminalGrou/2523041a/shear_25nN_g/0000/6d0565b48b1835e736db15992241f6ad": 1, "TerminalGrou/2523041a/shear_25nN_x/0000/7ae3e7c99d02f2df40141c720e07d1c4": 1, "TerminalGrou/2523041a/shear_5nN_gr/0000/c87169cd8e642e2515dd383ff4868cd0": 1, "TerminalGrou/2523041a/mdrun_shear_/0000/88465cdd2e6d09a6e029e5c9af9c8951": 1, "TerminalGrou/2523041a/shear_5nN_xt/0000/aee8d1b46e252c1be4c6f54862eb06b7": 1}, "COF": 0.14958471053025346}