{"intercept": 0.9493531152972301, "_status": {"TerminalGrou/4e5a59c6/shear_5nN_xt/0000/4503cfdc323db258e3b4fa0e8e43000a": 1, "TerminalGrou/4e5a59c6/shear_15nN_x/0000/4a1d811bfce03380bd3257af3d6c4fab": 1, "TerminalGrou/4e5a59c6/em_grompp/0000/346409d53ac38dd0fbfe87771638c45e": 1, "TerminalGrou/4e5a59c6/shear_15nN_g/0000/2cb984ab2b41ff106f42e4f34e04b09e": 1, "TerminalGrou/4e5a59c6/compress_gro/0000/a7278e122d53e22a28ac4172d1f97b62": 1, "TerminalGrou/4e5a59c6/shear_25nN_x/0000/d2e37928f0664373fe0da8335c143754": 1, "TerminalGrou/4e5a59c6/initialize_s/0000/cda7765a2d9e8cec5f9825e92ec41918": 1, "TerminalGrou/4e5a59c6/mdrun_em/0000/915193f8096dff9240205053f7bd853b": 1, "TerminalGrou/4e5a59c6/shear_5nN_gr/0000/f237aec998d889b70574a2a884f5520f": 1, "TerminalGrou/4e5a59c6/mdrun_nvt/0000/f14015cfde8e3abbd79617ca55f11496": 1, "TerminalGrou/4e5a59c6/calc_frictio/0000/9be5d1acbe530b22dc5707c31160d909": 1, "TerminalGrou/4e5a59c6/mdrun_shear_/0000/4673a3d434ebada636245edcc017905d": 1, "TerminalGrou/4e5a59c6/mdrun_shear_/0000/ae451642554d6b8f8117e82b7abfc2d4": 1, "TerminalGrou/4e5a59c6/shear_25nN_g/0000/f89389c20a0a2ebe5436ab50ddbcf344": 1, "TerminalGrou/4e5a59c6/lmp_to_gmx/0000/7e8cbd5450b5bf5804bf30c513be9c39": 1, "TerminalGrou/4e5a59c6/nvt_equil_gr/0000/f01f9a82ca90953de57de113b4a114f5": 1, "TerminalGrou/4e5a59c6/shear_5nN_tr/0000/829421c4ef457a3946c52692cbebf99c": 1, "TerminalGrou/4e5a59c6/mdrun_compre/0000/37ecf12d756f57667a8d907927c01aef": 1, "TerminalGrou/4e5a59c6/shear_25nN_t/0000/e3686c714c7ec257760174fbd2b91816": 1, "TerminalGrou/4e5a59c6/shear_15nN_t/0000/e28cdb6cc86d8e32f7a8e3896e961ee1": 1, "TerminalGrou/4e5a59c6/mdrun_shear_/0000/c2b38ae4e8d17d1322ec1c55787dc185": 1, "TerminalGrou/4e5a59c6/fix_overlaps/0000/189a6a694aff3ae07fc94a4952120a52": 1, "TerminalGrou/4e5a59c6/calc_cof/0000/a94ca5cf7814d178f0bd14f3a726e739": 1}, "COF": 0.13137720929354454}