{"intercept": 0.21809994336374983, "_status": {"TerminalGrou/8cbd36bd/mdrun_nvt/0000/1a8aa62c353fb3bdf3c036fda6996e6e": 1, "TerminalGrou/8cbd36bd/mdrun_shear_/0000/02fe86bd070d73e4fa79495043c1c8fc": 1, "TerminalGrou/8cbd36bd/shear_25nN_g/0000/7c602947565a62c4d5aab22ce2d355cd": 1, "TerminalGrou/8cbd36bd/fix_overlaps/0000/4371b9c04a1a494c137dfa095054152d": 1, "TerminalGrou/8cbd36bd/mdrun_shear_/0000/81a5aee44119609501fe3322096c681a": 1, "TerminalGrou/8cbd36bd/shear_15nN_g/0000/580050114f53f08c64aa5c86b5595759": 1, "TerminalGrou/8cbd36bd/calc_frictio/0000/4877b961b8aaea0f5342fe94f5c7191c": 1, "TerminalGrou/8cbd36bd/shear_15nN_t/0000/fe0557c177f8787a6d62cfc409bf4a87": 1, "TerminalGrou/8cbd36bd/mdrun_em/0000/5fe2aa97408d648d7684bfd2c3279f86": 1, "TerminalGrou/8cbd36bd/mdrun_shear_/0000/45654d78194c4527aa9c03514d6a4608": 1, "TerminalGrou/8cbd36bd/lmp_to_gmx/0000/1d2e96782e829ea50fae434fc56ea9dd": 1, "TerminalGrou/8cbd36bd/mdrun_compre/0000/5428f761e3bad738970e951875acc7d1": 1, "TerminalGrou/8cbd36bd/calc_cof/0000/6772dfd0ad70a8fcb553e1a4fa6f8644": 1, "TerminalGrou/8cbd36bd/shear_5nN_gr/0000/8198d3e2b94e3bc20ad60b0a307ba455": 1, "TerminalGrou/8cbd36bd/shear_25nN_x/0000/47639bdb5c753f49c4f502fb34955f6b": 1, "TerminalGrou/8cbd36bd/initialize_s/0000/3508c8c8bfd18c615473853721df2704": 1, "TerminalGrou/8cbd36bd/compress_gro/0000/e3c0de3839141353c01ed81b130a1d6c": 1, "TerminalGrou/8cbd36bd/shear_5nN_xt/0000/70a6d7ca3f4a15352e8d0421f1ff3c29": 1, "TerminalGrou/8cbd36bd/em_grompp/0000/829d725944fa67b9722fc60485816052": 1, "TerminalGrou/8cbd36bd/shear_25nN_t/0000/1ad7689f0d54d4f7aec447ee0ca1ff0a": 1, "TerminalGrou/8cbd36bd/nvt_equil_gr/0000/68aad25a249a4ec18fe9d99b75c7fdad": 1, "TerminalGrou/8cbd36bd/shear_15nN_x/0000/909c47d811ff7e89328578b965e86b21": 1, "TerminalGrou/8cbd36bd/shear_5nN_tr/0000/f4515bf02e231f20ab6d2da22e38d52f": 1}, "COF": 0.13228657035888614}