{"intercept": 0.48655934633063813, "_status": {"TerminalGrou/6b7553df/mdrun_em/0000/1148474078da855d7d058fb256ad6f82": 1, "TerminalGrou/6b7553df/fix_overlaps/0000/d885804f6670f1d9f5528b3592197aee": 1, "TerminalGrou/6b7553df/calc_frictio/0000/c6cefb3779b2db828409e5730127c47b": 1, "TerminalGrou/6b7553df/compress_gro/0000/2a4a587b2b396149e513e9070021838e": 1, "TerminalGrou/6b7553df/mdrun_shear_/0000/ac3a2007ee4a5fb2f6c48ee77e976b7a": 1, "TerminalGrou/6b7553df/shear_25nN_x/0000/4fce9652b315d139d579a0ab7f4e892f": 1, "TerminalGrou/6b7553df/mdrun_shear_/0000/020c19be5ecf32a60a9803db00e601f2": 1, "TerminalGrou/6b7553df/shear_5nN_gr/0000/a9e7c4eb93086831639c653067e808d8": 1, "TerminalGrou/6b7553df/shear_15nN_g/0000/7bf156ebc805949bf3b58e0704aba78c": 1, "TerminalGrou/6b7553df/calc_cof/0000/23022aba01b78d4b22394a3c81db8a9c": 1, "TerminalGrou/6b7553df/shear_5nN_xt/0000/d5af96da45bd653a5e5abb813b7f607b": 1, "TerminalGrou/6b7553df/shear_5nN_tr/0000/7264e5dff8e30094fad293fefdbf829b": 1, "TerminalGrou/6b7553df/shear_25nN_t/0000/7f0a26b6939be6853054fb915c2865c6": 1, "TerminalGrou/6b7553df/shear_25nN_g/0000/0e3e41ae4b1b3f23d13338bcb1e29a7f": 1, "TerminalGrou/6b7553df/shear_15nN_t/0000/e0b48b6a4feb43c512ed405ed2201306": 1, "TerminalGrou/6b7553df/mdrun_nvt/0000/26e519422e4af3c43401999451bfb256": 1, "TerminalGrou/6b7553df/lmp_to_gmx/0000/6928174afc7104f32cd02aa9d1a4f6e4": 1, "TerminalGrou/6b7553df/em_grompp/0000/e5ec96e2b30be490d6db59da5de8e4ae": 1, "TerminalGrou/6b7553df/mdrun_shear_/0000/8b0a8be266344c16b36d421066ca028e": 1, "TerminalGrou/6b7553df/initialize_s/0000/8de44e596d69d26e8b24d5e235fa8593": 1, "TerminalGrou/6b7553df/mdrun_compre/0000/0eea19c457f53f677fc08fdd16d8f23f": 1, "TerminalGrou/6b7553df/shear_15nN_x/0000/234abc9229a9d7bb2924766454f97a82": 1, "TerminalGrou/6b7553df/nvt_equil_gr/0000/81ed87afdc59dc953784d1421c4ac7d9": 1}, "COF": 0.1257231337349708}