{"intercept": 2.314892073436487, "_status": {"TerminalGrou/20ec9807/calc_frictio/0000/1ce064b804e0d0f86a89774a6e9d0bd5": 1, "TerminalGrou/20ec9807/mdrun_shear_/0000/aa0f6fba98fb400c248547248024aa5a": 1, "TerminalGrou/20ec9807/mdrun_compre/0000/17fcc0f145bb050e69a43d79571c442b": 1, "TerminalGrou/20ec9807/lmp_to_gmx/0000/ba60b3d26bd63e1e9445e58fede81122": 1, "TerminalGrou/20ec9807/shear_25nN_x/0000/fde2dc8aec0d50d49a580b04561fa38c": 1, "TerminalGrou/20ec9807/shear_5nN_gr/0000/0307b3cd281e1bab8df5671a12c3af16": 1, "TerminalGrou/20ec9807/shear_15nN_t/0000/9b65684659547a6b9e61e94101baafbc": 1, "TerminalGrou/20ec9807/shear_15nN_g/0000/76bb766a7a2ddf85eb090aee80342599": 1, "TerminalGrou/20ec9807/mdrun_nvt/0000/71f4f8aae3081f8ab17c5fdd9c41857f": 1, "TerminalGrou/20ec9807/em_grompp/0000/59b6833d65c0efc6c5ae387e8bfda9e3": 1, "TerminalGrou/20ec9807/calc_cof/0000/96fef57705db2c88f466c8b866c917ee": 1, "TerminalGrou/20ec9807/shear_5nN_xt/0000/3882b77a062263a6189a04f21dbff1e7": 1, "TerminalGrou/20ec9807/shear_25nN_t/0000/0d09a510b338288f6c150b26d9dd3745": 1, "TerminalGrou/20ec9807/shear_5nN_tr/0000/fd14cc948898f5215a000b3c96b37e63": 1, "TerminalGrou/20ec9807/nvt_equil_gr/0000/1e8a12b0588fc448963e8c4c1479a67f": 1, "TerminalGrou/20ec9807/shear_25nN_g/0000/191693d3b1c3af246485151d3ae1bf10": 1, "TerminalGrou/20ec9807/mdrun_shear_/0000/99ba0dbec24a6dc220dd36cb8fb9527e": 1, "TerminalGrou/20ec9807/mdrun_shear_/0000/2e3fa31f8a1d05dfc83c7c46d6120d00": 1, "TerminalGrou/20ec9807/mdrun_em/0000/93aecd864942619f782cd295f68277e2": 1, "TerminalGrou/20ec9807/fix_overlaps/0000/d05746cbb9af269d88f39fe83aea776b": 1, "TerminalGrou/20ec9807/initialize_s/0000/c8c552b523fd779ae434e434a75ea394": 1, "TerminalGrou/20ec9807/shear_15nN_x/0000/8664d8055fdf79d2af1d08be2324ddf0": 1, "TerminalGrou/20ec9807/compress_gro/0000/5589e20886a560d9cc0cefd97affa6db": 1}, "COF": 0.13346203090526723}