{"intercept": 1.1895024804002556, "_status": {"TerminalGrou/8fc2a54f/mdrun_shear_/0000/686757a347b55480841622b73a71f140": 1, "TerminalGrou/8fc2a54f/em_grompp/0000/fa37158b42d451d9011d01f09526740d": 1, "TerminalGrou/8fc2a54f/mdrun_em/0000/b4bcb28b8c6ce45d805ef82d86360f37": 1, "TerminalGrou/8fc2a54f/shear_15nN_t/0000/fab9c0a08bd4afee79984dc03641bd6b": 1, "TerminalGrou/8fc2a54f/shear_15nN_g/0000/afd4fc7db02316a0a140e8b21c4b0e19": 1, "TerminalGrou/8fc2a54f/shear_5nN_xt/0000/5207d9b79b84502a479351a482dcc1ad": 1, "TerminalGrou/8fc2a54f/shear_25nN_t/0000/dd4247a32153b6847c478796a70d214d": 1, "TerminalGrou/8fc2a54f/shear_15nN_x/0000/4eb4521cf017e80aef6eefbd763d4bda": 1, "TerminalGrou/8fc2a54f/shear_5nN_gr/0000/e3803f4f17aa1761e12597cf83d64cde": 1, "TerminalGrou/8fc2a54f/shear_5nN_tr/0000/b3ad199728d065027bb7b54d9aee4204": 1, "TerminalGrou/8fc2a54f/initialize_s/0000/5f62f54198ec30c9ea74865e1cf1a4f7": 1, "TerminalGrou/8fc2a54f/mdrun_shear_/0000/a9d79874703081fab6367081073eee2c": 1, "TerminalGrou/8fc2a54f/shear_25nN_x/0000/d50a730625d5b4930e80e259fd321cb1": 1, "TerminalGrou/8fc2a54f/fix_overlaps/0000/56506e82a12ead073516b2c8f50b35ed": 1, "TerminalGrou/8fc2a54f/nvt_equil_gr/0000/f2e8034813476c13863e7948f187bf01": 1, "TerminalGrou/8fc2a54f/lmp_to_gmx/0000/5cf75606509a0c59ae05ce0c5bb464a2": 1, "TerminalGrou/8fc2a54f/compress_gro/0000/76e0d80ef1991e7a876a6dec43774f89": 1, "TerminalGrou/8fc2a54f/mdrun_nvt/0000/ce6762f6688b97c1705408752976d633": 1, "TerminalGrou/8fc2a54f/calc_frictio/0000/f19646644fad86ddbf576e8ca67e7f11": 1, "TerminalGrou/8fc2a54f/calc_cof/0000/da4274df36fae8e871e8c960ad26921c": 1, "TerminalGrou/8fc2a54f/shear_25nN_g/0000/384622cf239cfc025dba29e97c7154af": 1, "TerminalGrou/8fc2a54f/mdrun_shear_/0000/e95b47fe59a2efe20644307f0b45cd39": 1, "TerminalGrou/8fc2a54f/mdrun_compre/0000/dbd2ac6467bbbf644b1691ed4e6cdd43": 1}, "COF": 0.13006080233304293}