{"intercept": 0.9474125008594179, "_status": {"TerminalGrou/b568d6c4/shear_25nN_g/0000/50a1e024749f16a0be52a47193cf0a8d": 1, "TerminalGrou/b568d6c4/mdrun_shear_/0000/d670e2c7a76f6f0e692d66d640630e1f": 1, "TerminalGrou/b568d6c4/mdrun_em/0000/13a0b9cec6cf3cac7ff03da0d89c8f73": 1, "TerminalGrou/b568d6c4/nvt_equil_gr/0000/f9be1593773c12daf96b40ad77c93586": 1, "TerminalGrou/b568d6c4/mdrun_shear_/0000/4368b759fd337813d259992561de124c": 1, "TerminalGrou/b568d6c4/mdrun_compre/0000/ed2d489163c0d3fe19f6c8ea8f4f353c": 1, "TerminalGrou/b568d6c4/shear_5nN_tr/0000/e710356adfb7adf08f40ad93de4290de": 1, "TerminalGrou/b568d6c4/fix_overlaps/0000/7d700417b7696dc4197b2e4b46f5e2f7": 1, "TerminalGrou/b568d6c4/shear_5nN_gr/0000/af39f500de0335c38677f484c639bf85": 1, "TerminalGrou/b568d6c4/shear_25nN_t/0000/ca9acb60f4d66026619979256cbfbd29": 1, "TerminalGrou/b568d6c4/shear_15nN_x/0000/353d2f77d237540444cc3ca1d6565e17": 1, "TerminalGrou/b568d6c4/em_grompp/0000/7035bf5eae45ab7bdc8bf7f92c1cd3f7": 1, "TerminalGrou/b568d6c4/initialize_s/0000/28d84805fe2eb326e63bf8cc876ba18c": 1, "TerminalGrou/b568d6c4/calc_cof/0000/20d97807c801bcf6645a29509dde833c": 1, "TerminalGrou/b568d6c4/lmp_to_gmx/0000/c9c2cb7b035d023a75b69e6af7962a0d": 1, "TerminalGrou/b568d6c4/shear_25nN_x/0000/f53ba8a860b01b6a7261059c0a5ea5a7": 1, "TerminalGrou/b568d6c4/compress_gro/0000/7fc5f6fda5b10ad05ec01e23fa71a071": 1, "TerminalGrou/b568d6c4/shear_15nN_g/0000/e3321b277c768d71082fe3d52ddb523b": 1, "TerminalGrou/b568d6c4/mdrun_shear_/0000/f44acff2ae7711be772a68d1b835eb8b": 1, "TerminalGrou/b568d6c4/shear_15nN_t/0000/54fdefe8f6641af6a7697e519064d0de": 1, "TerminalGrou/b568d6c4/shear_5nN_xt/0000/370a8daaa98bef3860437d80bd1f6198": 1, "TerminalGrou/b568d6c4/calc_frictio/0000/ee688a7ea17887f3be489d10e3b9cf6d": 1, "TerminalGrou/b568d6c4/mdrun_nvt/0000/0ad7cfa1f7a9426d0185e4839c511e03": 1}, "COF": 0.13623909250390875}