{"intercept": 2.768233762990194, "_status": {"TerminalGrou/3d090e0b/shear_15nN_t/0000/c1e7693923136a5f7507b8ff122f4bcf": 1, "TerminalGrou/3d090e0b/mdrun_nvt/0000/50cf334984d9f07f5637f8352d017e49": 1, "TerminalGrou/3d090e0b/shear_15nN_g/0000/306eb371f8aaef5d501fa104b148f1a4": 1, "TerminalGrou/3d090e0b/calc_cof/0000/4510fcabf6b33c53a37524007fd625f5": 1, "TerminalGrou/3d090e0b/lmp_to_gmx/0000/8cc8f2a7a0be627b400b211b3be99aa5": 1, "TerminalGrou/3d090e0b/mdrun_shear_/0000/bbedc12de3cfdeca1f10845a8eb7e224": 1, "TerminalGrou/3d090e0b/shear_25nN_t/0000/fd19e960ba7cd28f92eacc73e79485da": 1, "TerminalGrou/3d090e0b/mdrun_shear_/0000/66404315509a99a64ff60bac1f641340": 1, "TerminalGrou/3d090e0b/mdrun_shear_/0000/aefe1cffa9d1047f8ab28cda8052de26": 1, "TerminalGrou/3d090e0b/nvt_equil_gr/0000/8a3b69e0dec8a3241b0611d0123fb1f5": 1, "TerminalGrou/3d090e0b/shear_5nN_gr/0000/efc87ab6ff52f52c76813a0bc58cc57e": 1, "TerminalGrou/3d090e0b/shear_5nN_xt/0000/f52db09c61d84ac9122bdfe3c5fdf939": 1, "TerminalGrou/3d090e0b/em_grompp/0000/6318c59393a806fb5f416f169100d2a9": 1, "TerminalGrou/3d090e0b/mdrun_em/0000/f1a025539d68f05b606a1cfd501a7de4": 1, "TerminalGrou/3d090e0b/mdrun_compre/0000/57c3f2867cf3ff73963f5b8d8a9e1e87": 1, "TerminalGrou/3d090e0b/shear_25nN_x/0000/39475045f2f98a575ca3855f2c528c99": 1, "TerminalGrou/3d090e0b/fix_overlaps/0000/5a61d4822da77c58acce5c9fd9a1c0ac": 1, "TerminalGrou/3d090e0b/shear_25nN_g/0000/f322c53393623ab98a1a25afd46d0c7c": 1, "TerminalGrou/3d090e0b/shear_5nN_tr/0000/377df4b24e6bc90e466e0eec7366524a": 1, "TerminalGrou/3d090e0b/calc_frictio/0000/1d725be3b38d4c5a3f67c60df435c725": 1, "TerminalGrou/3d090e0b/compress_gro/0000/2e5413992d2dbf47943a87400a26d694": 1, "TerminalGrou/3d090e0b/initialize_s/0000/a3094a6130865164b69b1edde274af7a": 1, "TerminalGrou/3d090e0b/shear_15nN_x/0000/a0f68d3d79f12e15ad26aeadf91130af": 1}, "COF": 0.13149680886054252}