{"intercept": 0.8459863685447857, "_status": {"TerminalGrou/5224339a/mdrun_em/0000/9bade9c7039d4dc7dd37dba611c1dce9": 1, "TerminalGrou/5224339a/initialize_s/0000/c131de34a70cedb52180b6c90526c613": 1, "TerminalGrou/5224339a/shear_25nN_x/0000/cac32c5e7a8d0e82f0becfa91672fc7e": 1, "TerminalGrou/5224339a/calc_frictio/0000/57db86f3cac6b6af9dc3dde640fc3fbc": 1, "TerminalGrou/5224339a/nvt_equil_gr/0000/fcfab41f5c5a07136706906e0ba955eb": 1, "TerminalGrou/5224339a/mdrun_shear_/0000/de4e4f261c31952c45ded81be552426d": 1, "TerminalGrou/5224339a/mdrun_shear_/0000/ab2f1067619201e372b3b8fe7923ce6d": 1, "TerminalGrou/5224339a/calc_cof/0000/cd4e1c91087889ad4369a58514b31342": 1, "TerminalGrou/5224339a/mdrun_nvt/0000/714c41cbd05b90ecd2ccc20f5dd2b389": 1, "TerminalGrou/5224339a/shear_15nN_x/0000/5cafbe24af808e4db00fab83ad2d1c06": 1, "TerminalGrou/5224339a/fix_overlaps/0000/1a2337aabf434cb4a444aea6a3050156": 1, "TerminalGrou/5224339a/shear_15nN_t/0000/93cc39625e9a7e38aba2a1f17c6974d2": 1, "TerminalGrou/5224339a/shear_5nN_xt/0000/7dca72d4e5852c2e16e0f3fc5d0114f4": 1, "TerminalGrou/5224339a/shear_5nN_tr/0000/ffa9fc3677d138f1d7ebce2ae9b7e90d": 1, "TerminalGrou/5224339a/mdrun_shear_/0000/fc17de76b83de20f8488b627b0262835": 1, "TerminalGrou/5224339a/compress_gro/0000/17d5782c8fa8a7d96d8a2b06f84459aa": 1, "TerminalGrou/5224339a/lmp_to_gmx/0000/3f67094f1234fa131edb043fc9adac9c": 1, "TerminalGrou/5224339a/shear_5nN_gr/0000/9a63a331a927de50982194f3301fe791": 1, "TerminalGrou/5224339a/shear_15nN_g/0000/24b42ae1964f8315fb1388f52c02448b": 1, "TerminalGrou/5224339a/shear_25nN_g/0000/755f0c3af5281dfeb54129391f0458ba": 1, "TerminalGrou/5224339a/mdrun_compre/0000/a9d25790a327db314c04183ec03449d1": 1, "TerminalGrou/5224339a/shear_25nN_t/0000/c8bd6af7918c4fcceacd14a6a4fb94ac": 1, "TerminalGrou/5224339a/em_grompp/0000/ea1aa94017d63ce80a0eeab8191219ad": 1}, "COF": 0.1495704177335116}