{"intercept": 3.288416155123131, "_status": {"TerminalGrou/5aa915f3/shear_5nN_gr/0000/d4639eddc24e862dd27e82246c21e496": 1, "TerminalGrou/5aa915f3/calc_frictio/0000/6246ed1afca041d38ceb39f13310d1f4": 1, "TerminalGrou/5aa915f3/shear_5nN_tr/0000/93a27366bf24ff2dddb300e4183aa836": 1, "TerminalGrou/5aa915f3/shear_25nN_t/0000/c7dcc6b6f28cac56ba16e87541f47151": 1, "TerminalGrou/5aa915f3/mdrun_shear_/0000/bc4db05cd420048df8609c68899ada64": 1, "TerminalGrou/5aa915f3/compress_gro/0000/908f3355dc7e7b6afcd1fe59db696c64": 1, "TerminalGrou/5aa915f3/shear_15nN_g/0000/064ebf32752679dbeb895135a04c0da8": 1, "TerminalGrou/5aa915f3/calc_cof/0000/5b9659ecc74e41caa0d9cb5ef35f0f0d": 1, "TerminalGrou/5aa915f3/mdrun_em/0000/a38d805187a8c8672375721aa5042ed5": 1, "TerminalGrou/5aa915f3/shear_5nN_xt/0000/fcf92fb1911d1324838630e8646502b8": 1, "TerminalGrou/5aa915f3/shear_25nN_x/0000/88b34d58c23f666b0948aab0fdf1d547": 1, "TerminalGrou/5aa915f3/mdrun_shear_/0000/f57cbeccd2bac0b797e42f37a5d0d396": 1, "TerminalGrou/5aa915f3/em_grompp/0000/8e46742fbef256938f2eb7f4c7c83146": 1, "TerminalGrou/5aa915f3/nvt_equil_gr/0000/83143704ebbdbba195c291e2270a73bc": 1, "TerminalGrou/5aa915f3/shear_15nN_x/0000/e7ad176cd040bd42b1fae863482a2fe3": 1, "TerminalGrou/5aa915f3/lmp_to_gmx/0000/8e863d2cad41e611d38e0a1b7a134474": 1, "TerminalGrou/5aa915f3/mdrun_shear_/0000/f6b45b8b35d7ca74b6e06cc05db15581": 1, "TerminalGrou/5aa915f3/fix_overlaps/0000/3e646e3c1d069d7f36ab0e54a392d7bd": 1, "TerminalGrou/5aa915f3/shear_15nN_t/0000/aa713e3c11d6a54139a7439a30c6fe6d": 1, "TerminalGrou/5aa915f3/mdrun_nvt/0000/458aea515e4413862115a47ecba53d2a": 1, "TerminalGrou/5aa915f3/mdrun_compre/0000/744aeb9635c4361301b58d24ff42852b": 1, "TerminalGrou/5aa915f3/shear_25nN_g/0000/54e10a16aaf08f411bf65a2eaae3a3d4": 1, "TerminalGrou/5aa915f3/initialize_s/0000/c940993f5bf91190155e7da152425977": 1}, "COF": 0.121334201070917}