{"intercept": 1.2228977017613838, "_status": {"TerminalGrou/01065316/initialize_s/0000/0db19ba18cdf560da8b3307a607ad5d9": 1, "TerminalGrou/01065316/em_grompp/0000/d114d73634c5bb1a7eef3d34edde1993": 1, "TerminalGrou/01065316/shear_5nN_xt/0000/5b0d0baa92e22256e1ea1718054b01b6": 1, "TerminalGrou/01065316/shear_25nN_g/0000/03a5ee449858a337ed219d69cfba76eb": 1, "TerminalGrou/01065316/mdrun_nvt/0000/6186d6bf98822ff987bcb087ffab263c": 1, "TerminalGrou/01065316/shear_25nN_t/0000/606d08120a58f0fb6bae749d4cd91065": 1, "TerminalGrou/01065316/nvt_equil_gr/0000/6ad741892178b54bb85c752ff1ab1bb8": 1, "TerminalGrou/01065316/mdrun_shear_/0000/78dea79a8212d89a028eb8ccf834134f": 1, "TerminalGrou/01065316/compress_gro/0000/0898c1682d2bb0dcbb38addbf6a96e77": 1, "TerminalGrou/01065316/mdrun_shear_/0000/8fbad5d904e8c8d71579d65c47523174": 1, "TerminalGrou/01065316/shear_15nN_x/0000/b07ec88cdeee8210ea4ad41927226b0e": 1, "TerminalGrou/01065316/shear_25nN_x/0000/4a83ca6c87d27f8055cbab65d40d8647": 1, "TerminalGrou/01065316/shear_15nN_g/0000/2e6ba12c923fba0cd98cd70d5c41b8b9": 1, "TerminalGrou/01065316/calc_frictio/0000/f97c9da23f38de1d84d436f15a50440f": 1, "TerminalGrou/01065316/mdrun_em/0000/bcab4db80a2ed91029e9e40022fb9795": 1, "TerminalGrou/01065316/lmp_to_gmx/0000/216bbd3ea4db2d817faae65e0fbb44e5": 1, "TerminalGrou/01065316/mdrun_shear_/0000/c6dd242000f17ef08bb3f6d28796fb3b": 1, "TerminalGrou/01065316/shear_5nN_gr/0000/3730dd78e0fbdfc4e6441d33398516d5": 1, "TerminalGrou/01065316/shear_5nN_tr/0000/a1eb92670922ebdb4013960c49dc0d09": 1, "TerminalGrou/01065316/calc_cof/0000/2427177270121a68fadd643dc5f12df9": 1, "TerminalGrou/01065316/mdrun_compre/0000/f51c35043378b22d8126182182635b9d": 1, "TerminalGrou/01065316/fix_overlaps/0000/56148a7883995668ccac01979de0cb12": 1, "TerminalGrou/01065316/shear_15nN_t/0000/8d05df64280ce66efff7e4815d656232": 1}, "COF": 0.14577490373655275}