{"intercept": 3.281445967847079, "_status": {"TerminalGrou/632a86a1/nvt_equil_gr/0000/a401e346fe0fcea09896d038bccb61ff": 1, "TerminalGrou/632a86a1/mdrun_nvt/0000/8ecd549f76a42d3b50d6085e0dcc4a35": 1, "TerminalGrou/632a86a1/mdrun_em/0000/cf71d2e53d88d41a606702a54a163b5d": 1, "TerminalGrou/632a86a1/calc_cof/0000/b84dddcdee1f02c1c538482f143f4300": 1, "TerminalGrou/632a86a1/shear_15nN_g/0000/e9fbdfc33b22642c83be07ab2161af8a": 1, "TerminalGrou/632a86a1/mdrun_shear_/0000/b4a7e2e0532f451d21f67fa273c267ff": 1, "TerminalGrou/632a86a1/mdrun_shear_/0000/8018734b3cef2f0f3fe74ef2e8c17f2a": 1, "TerminalGrou/632a86a1/calc_frictio/0000/53d4500e45fcbbc6baf4f38d723b8a07": 1, "TerminalGrou/632a86a1/shear_25nN_t/0000/c5a40cf473757ccfa295ea74826ac296": 1, "TerminalGrou/632a86a1/fix_overlaps/0000/0023bd18f7f4adb8f52c45096a1f56b3": 1, "TerminalGrou/632a86a1/lmp_to_gmx/0000/904b3b550636284016a86f46a43552c1": 1, "TerminalGrou/632a86a1/initialize_s/0000/83911b006fab32c22911b193b4347353": 1, "TerminalGrou/632a86a1/mdrun_compre/0000/42b5728e3fd1a0a59db34337ff1c2149": 1, "TerminalGrou/632a86a1/shear_25nN_g/0000/fbab472c38ff112614ca53fc503258fe": 1, "TerminalGrou/632a86a1/shear_5nN_xt/0000/49ebfb6968d08a70c911151bc0ed7851": 1, "TerminalGrou/632a86a1/compress_gro/0000/8c244d6a4d0294c34322d193948a797e": 1, "TerminalGrou/632a86a1/shear_5nN_gr/0000/f8ea273ef636db34d75a5347b5bfed3a": 1, "TerminalGrou/632a86a1/mdrun_shear_/0000/9a2568b20358216479bcb17c9d277b7f": 1, "TerminalGrou/632a86a1/em_grompp/0000/cbf1fb2dd1af73d88bfab5d6f19e15c8": 1, "TerminalGrou/632a86a1/shear_15nN_t/0000/85df6ad2be2ff0cccb6789c0fae8d8aa": 1, "TerminalGrou/632a86a1/shear_5nN_tr/0000/a0790719cf3df73cae631ccf9d0ed84c": 1, "TerminalGrou/632a86a1/shear_25nN_x/0000/60c276edbe1c6c43605f98f1e241f971": 1, "TerminalGrou/632a86a1/shear_15nN_x/0000/bd6f54cb93b0ef725cbcad2852146ad3": 1}, "COF": 0.13188656385659933}