{"intercept": 1.040502899801004, "_status": {"TerminalGrou/fe2aed54/mdrun_shear_/0000/581eda0b6a99a42632db99acaa1de4ab": 1, "TerminalGrou/fe2aed54/mdrun_shear_/0000/87ea5b9215f5264f8ee94232e0856905": 1, "TerminalGrou/fe2aed54/em_grompp/0000/e4ed7ede4bd3a5360725e207120421e4": 1, "TerminalGrou/fe2aed54/mdrun_shear_/0000/6a56c2055c37b5cef6b564e7b5ede577": 1, "TerminalGrou/fe2aed54/mdrun_em/0000/a0c264f3a514304ca99129b5203bfa84": 1, "TerminalGrou/fe2aed54/initialize_s/0000/47871a13ef0d1adda51b7569750f2524": 1, "TerminalGrou/fe2aed54/shear_5nN_xt/0000/403c1f5cd3a9dbaae631fce10ac4f79f": 1, "TerminalGrou/fe2aed54/nvt_equil_gr/0000/5a50006ededc109ed44b528a9b2c9a06": 1, "TerminalGrou/fe2aed54/fix_overlaps/0000/88e1125130e6fa180b658db4b87cda04": 1, "TerminalGrou/fe2aed54/shear_15nN_x/0000/0676e84f82e179548f2d56efa74f2cdb": 1, "TerminalGrou/fe2aed54/shear_5nN_tr/0000/e3c1951606607412058a0799f9d2c0d1": 1, "TerminalGrou/fe2aed54/lmp_to_gmx/0000/05f65df141c8aae9081f72a7d2e2a137": 1, "TerminalGrou/fe2aed54/mdrun_nvt/0000/49d6404d57f673f77b0fc99361648b70": 1, "TerminalGrou/fe2aed54/calc_cof/0000/1768ccde5a677770a618e403f89ccdf8": 1, "TerminalGrou/fe2aed54/mdrun_compre/0000/5370d34169faff36e68b606d4d739eae": 1, "TerminalGrou/fe2aed54/shear_25nN_g/0000/caf59d4b76ac6326f7b47c40f5cd73ab": 1, "TerminalGrou/fe2aed54/shear_15nN_t/0000/8af46c6eed4f9375b6c8c8a18bc973ab": 1, "TerminalGrou/fe2aed54/shear_5nN_gr/0000/0528fb5008dfdcad105f95285041a605": 1, "TerminalGrou/fe2aed54/calc_frictio/0000/eff3188a2c50bbe85d594052285c75df": 1, "TerminalGrou/fe2aed54/compress_gro/0000/181e8214bcba31bccea01f77a0e15475": 1, "TerminalGrou/fe2aed54/shear_25nN_x/0000/4906d02b1e48075d8986a5f8331e0e8b": 1, "TerminalGrou/fe2aed54/shear_15nN_g/0000/f8ef33dcad99d764c81296cfc5b09278": 1, "TerminalGrou/fe2aed54/shear_25nN_t/0000/22d4d315d4165763ff6a510112fc795b": 1}, "COF": 0.14932784933389365}