{"intercept": 0.8817651495732504, "_status": {"TerminalGrou/642f8f93/lmp_to_gmx/0000/b943592742a0951e84bb4313ecbd7de1": 1, "TerminalGrou/642f8f93/shear_15nN_g/0000/6d196372e2a2bedb025eb2dcc0b09ebb": 1, "TerminalGrou/642f8f93/shear_15nN_t/0000/871c69556392b85a186902b7a9cd927a": 1, "TerminalGrou/642f8f93/compress_gro/0000/b2ff2f1ac0769bf365eae52046c1b6d8": 1, "TerminalGrou/642f8f93/shear_25nN_t/0000/e3ff8a73b5f764112c23c8685d21277e": 1, "TerminalGrou/642f8f93/shear_5nN_gr/0000/7acf7d6713f049a973b9222ea2d1d86d": 1, "TerminalGrou/642f8f93/calc_frictio/0000/ec6565124324ebc52c398f92d72c78f0": 1, "TerminalGrou/642f8f93/initialize_s/0000/00face4e1bc218a2b6f75f82799e7d7e": 1, "TerminalGrou/642f8f93/mdrun_nvt/0000/ebb8244db8c77b09065dc7f692f48c26": 1, "TerminalGrou/642f8f93/shear_5nN_xt/0000/97d971f699df028defdaaeeab36960a8": 1, "TerminalGrou/642f8f93/mdrun_shear_/0000/89e5d8ed3463fbaa6c2284c62cecf3a7": 1, "TerminalGrou/642f8f93/shear_5nN_tr/0000/8801d39ec31d57a0e33c897d9d62952d": 1, "TerminalGrou/642f8f93/fix_overlaps/0000/be44ebcf34d04ca162c72100515d39b2": 1, "TerminalGrou/642f8f93/shear_15nN_x/0000/5d1bd803074483a64261d18d2a46cf79": 1, "TerminalGrou/642f8f93/calc_cof/0000/786fa917b1ac7bbedc38c95c5d3e3c9d": 1, "TerminalGrou/642f8f93/shear_25nN_g/0000/2da3a5e507aa8df55cc7d28f6c37639d": 1, "TerminalGrou/642f8f93/mdrun_shear_/0000/c771d9eff5a5f790b35df1ae473e034a": 1, "TerminalGrou/642f8f93/mdrun_compre/0000/1ec7a041f0a450a0ffd32c37ff82cc93": 1, "TerminalGrou/642f8f93/mdrun_shear_/0000/0d6d935ae0be0a32ae4597e3f3a19fa4": 1, "TerminalGrou/642f8f93/shear_25nN_x/0000/c3c0383724c85376665fc3a3ab0e846f": 1, "TerminalGrou/642f8f93/nvt_equil_gr/0000/18491c73f2a06dec9ed83c76caecc622": 1, "TerminalGrou/642f8f93/mdrun_em/0000/ce5728c1130335eb252fba24b5150c3c": 1, "TerminalGrou/642f8f93/em_grompp/0000/535a4463523eca357c370eb53f2a00ac": 1}, "COF": 0.17428685615067005}