{"intercept": 1.2828818754594402, "_status": {"TerminalGrou/1be1fbce/shear_25nN_x/0000/fe42d6c8bd3ef22d3141b80f850845e5": 1, "TerminalGrou/1be1fbce/shear_15nN_x/0000/f3ff01fea8ca941892601c4a2c3aa51a": 1, "TerminalGrou/1be1fbce/nvt_equil_gr/0000/038974742caabe93351e5d943928cc46": 1, "TerminalGrou/1be1fbce/em_grompp/0000/05947e091ff2ca39325a2f979346b209": 1, "TerminalGrou/1be1fbce/shear_25nN_t/0000/e408083f6996c66aad7a12be3ed41a64": 1, "TerminalGrou/1be1fbce/calc_frictio/0000/1f69382c679fcd16b1e5e69f74b251df": 1, "TerminalGrou/1be1fbce/mdrun_compre/0000/acbb18ed592ee42e4f5edd008f72ec15": 1, "TerminalGrou/1be1fbce/shear_15nN_t/0000/855b524c27952008e9fb9173c629b41b": 1, "TerminalGrou/1be1fbce/initialize_s/0000/37bb5a0b83867366d4904387b70c72e3": 1, "TerminalGrou/1be1fbce/mdrun_shear_/0000/3c3a5355178f556e17cee95d6d10c047": 1, "TerminalGrou/1be1fbce/shear_5nN_gr/0000/b685b69c6063d50c55c32253281b0577": 1, "TerminalGrou/1be1fbce/mdrun_nvt/0000/fec6c877014344487d082740e0c8deaf": 1, "TerminalGrou/1be1fbce/shear_15nN_g/0000/0566a62cb47ed7930b4d139d20becbdd": 1, "TerminalGrou/1be1fbce/mdrun_shear_/0000/36ff50cfb15a710a20a5cefe3941c5b3": 1, "TerminalGrou/1be1fbce/fix_overlaps/0000/da45cc4ac30171536686aa359d9f93a5": 1, "TerminalGrou/1be1fbce/calc_cof/0000/962114a7828b5e8c72876420069511b0": 1, "TerminalGrou/1be1fbce/shear_5nN_xt/0000/0abff1a85a6d759107517c1ccd1fc4ec": 1, "TerminalGrou/1be1fbce/shear_25nN_g/0000/78f2a0fdda76ca72e6904413b1e58fb7": 1, "TerminalGrou/1be1fbce/mdrun_em/0000/98fab9920e0f278a6a6ad5f91d7f139a": 1, "TerminalGrou/1be1fbce/mdrun_shear_/0000/174608304e06b7127c6122353f7435c7": 1, "TerminalGrou/1be1fbce/compress_gro/0000/29b81bdc82d106ff23f94845b824dea6": 1, "TerminalGrou/1be1fbce/lmp_to_gmx/0000/78ac7619f56b945c3b4aad3ef606b2ab": 1, "TerminalGrou/1be1fbce/shear_5nN_tr/0000/e7ca22dbdadc85a5c2b204d3daefab54": 1}, "COF": 0.12532468448055853}