{"intercept": 1.229930794521335, "_status": {"TerminalGrou/30b8e258/initialize_s/0000/0e9668d413ab23e001d4b6294d7a7942": 1, "TerminalGrou/30b8e258/nvt_equil_gr/0000/ff8c6bb0a1a7138d7e625f79fe76bf14": 1, "TerminalGrou/30b8e258/mdrun_compre/0000/e8ae30b463a1e0db7d8a341851d32942": 1, "TerminalGrou/30b8e258/calc_cof/0000/caf8f5cf5f63ae03c858a4ffa65d6e8c": 1, "TerminalGrou/30b8e258/shear_25nN_t/0000/3f4ab9e89d21acf3374bbdb69ae826d1": 1, "TerminalGrou/30b8e258/mdrun_nvt/0000/68cc6be54c6d8f1ee90d57f747adee89": 1, "TerminalGrou/30b8e258/mdrun_shear_/0000/162cf1e741c85966e67a6cdb585c425b": 1, "TerminalGrou/30b8e258/compress_gro/0000/6432545efb82ddcf8cea42bd2b924a88": 1, "TerminalGrou/30b8e258/mdrun_em/0000/1809635d6d6378930a5146951f733786": 1, "TerminalGrou/30b8e258/fix_overlaps/0000/1032f11b24839882022a3f31e9825da4": 1, "TerminalGrou/30b8e258/calc_frictio/0000/c7b1a5d4782bc670484ec674d32482af": 1, "TerminalGrou/30b8e258/shear_15nN_x/0000/42de5409595d185737d67e46f30b8630": 1, "TerminalGrou/30b8e258/em_grompp/0000/8512bc6a60abf01380bc5edd6aa5b1ad": 1, "TerminalGrou/30b8e258/mdrun_shear_/0000/869086e5db08e8a74e9577f4edbab52f": 1, "TerminalGrou/30b8e258/shear_25nN_g/0000/54ab92c8af0c09f5431ee7285f695349": 1, "TerminalGrou/30b8e258/shear_5nN_gr/0000/944afddbde809ec0cc4fbc8deec516e3": 1, "TerminalGrou/30b8e258/shear_5nN_xt/0000/5fdd203edec7af5ee33ba6506d58cbc6": 1, "TerminalGrou/30b8e258/mdrun_shear_/0000/88d70046aad04ef3f664b0be0c3433e6": 1, "TerminalGrou/30b8e258/shear_5nN_tr/0000/8783bcebb19102af66cb76eadeed396f": 1, "TerminalGrou/30b8e258/lmp_to_gmx/0000/1129f5c3c5eea5f78efe1710bfa74991": 1, "TerminalGrou/30b8e258/shear_15nN_g/0000/4236c458e9a9776da129ca228fa50ab9": 1, "TerminalGrou/30b8e258/shear_25nN_x/0000/91945fa40d8b474b1cd616e5a9a615d0": 1, "TerminalGrou/30b8e258/shear_15nN_t/0000/93e629bc2b86bcf80f951736fbc23cc6": 1}, "COF": 0.13373687663548003}