{"intercept": 1.3251588555986706, "_status": {"TerminalGrou/e98cda1e/shear_25nN_x/0000/9a10bc03efce0f8947016bc7a17b1fe0": 1, "TerminalGrou/e98cda1e/fix_overlaps/0000/5a6c89edd235e0af77c0948accc48e38": 1, "TerminalGrou/e98cda1e/initialize_s/0000/4ccb42e66893feef072acc62514fa2e8": 1, "TerminalGrou/e98cda1e/mdrun_shear_/0000/d22fe87569a7f0f282f8ba0ebb319311": 1, "TerminalGrou/e98cda1e/mdrun_shear_/0000/a4aac861055fcd24a586ffe7ee2a910d": 1, "TerminalGrou/e98cda1e/mdrun_nvt/0000/a4fe2ed336c8f8ec811dbded46e2b26a": 1, "TerminalGrou/e98cda1e/shear_5nN_gr/0000/e1251961618dd9ce7806a6c5ff1b9012": 1, "TerminalGrou/e98cda1e/shear_5nN_tr/0000/b4c0ca7dd4ce61e64babfbbcbe293f3b": 1, "TerminalGrou/e98cda1e/shear_15nN_t/0000/454b534bc3a5b2e07da417c49ff8df6c": 1, "TerminalGrou/e98cda1e/shear_5nN_xt/0000/c1253f70dc31cb49f084b24ebf78bb80": 1, "TerminalGrou/e98cda1e/shear_25nN_t/0000/2b80bd777861e1884eeaeae7886d7ee0": 1, "TerminalGrou/e98cda1e/compress_gro/0000/8244e5fcdf5b7e5e6083fa922040cdb0": 1, "TerminalGrou/e98cda1e/shear_15nN_g/0000/f352069a465e42c6d52adab207e49b8a": 1, "TerminalGrou/e98cda1e/calc_frictio/0000/17b8cfab93e461fdf6208857ecfcc567": 1, "TerminalGrou/e98cda1e/mdrun_em/0000/6e8d5f8f8df0c69154834e0f9d8a9b92": 1, "TerminalGrou/e98cda1e/nvt_equil_gr/0000/e7474f8fdb1afb4769763dc496c8d0fa": 1, "TerminalGrou/e98cda1e/mdrun_shear_/0000/203f1a674fb7d0295d6f70c99b438df3": 1, "TerminalGrou/e98cda1e/shear_25nN_g/0000/10b8a64f40fa081cbfb34b2e05db1bb2": 1, "TerminalGrou/e98cda1e/mdrun_compre/0000/6391fec73794904bf3d16d675d8f7f73": 1, "TerminalGrou/e98cda1e/em_grompp/0000/9a300db92d30300eafd521159b060e8e": 1, "TerminalGrou/e98cda1e/shear_15nN_x/0000/42c983932f8a82e7f993c7dcb8fa102d": 1, "TerminalGrou/e98cda1e/calc_cof/0000/974033cbd1cc1b118fcccbde72f284cf": 1, "TerminalGrou/e98cda1e/lmp_to_gmx/0000/220c4e678d93b1d15d8dd7bffce8c9ca": 1}, "COF": 0.12686638253630222}