{"intercept": 0.7182389451874518, "_status": {"TerminalGrou/6c940d61/mdrun_shear_/0000/cc7001c678253fa65ca55d4e56e4d0cd": 1, "TerminalGrou/6c940d61/shear_25nN_x/0000/e439bb97db20cc228457b16ddb1fb627": 1, "TerminalGrou/6c940d61/mdrun_shear_/0000/79f55c2139ca157a71483a17c730914d": 1, "TerminalGrou/6c940d61/shear_25nN_g/0000/6282be33cc12b5d0e59d221d28ce2d1f": 1, "TerminalGrou/6c940d61/mdrun_shear_/0000/710132957557453f37d5086c98fc45f5": 1, "TerminalGrou/6c940d61/compress_gro/0000/d24f0e33298b61293780328d86d67480": 1, "TerminalGrou/6c940d61/mdrun_nvt/0000/3fb02c1a4395500ac6846d483494ab7e": 1, "TerminalGrou/6c940d61/calc_frictio/0000/cbdee095617c1ba3d0d07ee1e830f54f": 1, "TerminalGrou/6c940d61/nvt_equil_gr/0000/2274f14df3f65a4e43f61be89fc6e67e": 1, "TerminalGrou/6c940d61/shear_15nN_x/0000/1be41d90f4c43f4ae213621fc567ac13": 1, "TerminalGrou/6c940d61/fix_overlaps/0000/5e01566c2dd836ec73a049c348041331": 1, "TerminalGrou/6c940d61/calc_cof/0000/9769b0948dc101af3d980235ef266116": 1, "TerminalGrou/6c940d61/em_grompp/0000/b3d7760f285ca10379d7ad4299bb73a8": 1, "TerminalGrou/6c940d61/shear_25nN_t/0000/a13f61dba5cc51adfc0bfa46723d4b69": 1, "TerminalGrou/6c940d61/shear_15nN_t/0000/d92032be8dbd008d85bd8906d01607a9": 1, "TerminalGrou/6c940d61/initialize_s/0000/2c268a49b9249a542ab3980c5fe5a2b9": 1, "TerminalGrou/6c940d61/shear_5nN_gr/0000/15aaa23d0d2e5ec43bb9a79d8f5052a1": 1, "TerminalGrou/6c940d61/shear_15nN_g/0000/367ec85a642bbfb84ab92aa1dd6bb226": 1, "TerminalGrou/6c940d61/mdrun_em/0000/6fd6df47f5f54acea45b16afb839aedf": 1, "TerminalGrou/6c940d61/shear_5nN_tr/0000/b8a1299a0628170006982e0b0bed3466": 1, "TerminalGrou/6c940d61/lmp_to_gmx/0000/4da47069f80fefc1dcd048cefab3d8ab": 1, "TerminalGrou/6c940d61/mdrun_compre/0000/cd91d0c89af60a98232aa3da2da91234": 1, "TerminalGrou/6c940d61/shear_5nN_xt/0000/985679b839c18551420c91e2be874b3d": 1}, "COF": 0.16662842732645772}