{"intercept": 0.9029031815087758, "_status": {"TerminalGrou/dda9cf0d/shear_15nN_x/0000/431f8a714ff0f646de5665295810603c": 1, "TerminalGrou/dda9cf0d/shear_15nN_t/0000/b365cf7c660f124ff6fc5604ee7250fa": 1, "TerminalGrou/dda9cf0d/shear_5nN_gr/0000/bd14ae797edd2dffa98d04611a201846": 1, "TerminalGrou/dda9cf0d/mdrun_shear_/0000/76e18d48e39ae0e05e0162573c8be365": 1, "TerminalGrou/dda9cf0d/lmp_to_gmx/0000/a826d9a9b833aa4fba30d1c3e735f375": 1, "TerminalGrou/dda9cf0d/initialize_s/0000/e46d82f573d0d001e2a3af950d7309ee": 1, "TerminalGrou/dda9cf0d/shear_25nN_x/0000/ee91ee45051de36eaeaf641706d934a4": 1, "TerminalGrou/dda9cf0d/shear_15nN_g/0000/158d2356e9e35e2e3562262703188f1f": 1, "TerminalGrou/dda9cf0d/mdrun_em/0000/a851ea4ecc8e749015af2794f4dfac08": 1, "TerminalGrou/dda9cf0d/mdrun_shear_/0000/e1b4dbec3d071b78f7c6d9530ccdd87f": 1, "TerminalGrou/dda9cf0d/shear_25nN_g/0000/6c63c74f38a1157790ce1d22f2992bca": 1, "TerminalGrou/dda9cf0d/compress_gro/0000/42e793cb878b267c038bd7f9607dbd89": 1, "TerminalGrou/dda9cf0d/calc_frictio/0000/e70e7e0cabf4eb16d005f72c8a776341": 1, "TerminalGrou/dda9cf0d/nvt_equil_gr/0000/75a0929d171d69d794c05e173310acd4": 1, "TerminalGrou/dda9cf0d/shear_5nN_xt/0000/3824fb8562f4e5edba409163a5d17bcf": 1, "TerminalGrou/dda9cf0d/mdrun_shear_/0000/5e02d7f4e5a771d26237e87e5d90ea87": 1, "TerminalGrou/dda9cf0d/mdrun_nvt/0000/4706215de42779bb9674c6b3fd99c0d1": 1, "TerminalGrou/dda9cf0d/em_grompp/0000/ed1929b03a795b2d3448475d3de14c18": 1, "TerminalGrou/dda9cf0d/calc_cof/0000/c1f2a8b97d9c0fe5b87ec34d231495e3": 1, "TerminalGrou/dda9cf0d/shear_25nN_t/0000/9ae97745adc974177d2354bde7b655cd": 1, "TerminalGrou/dda9cf0d/shear_5nN_tr/0000/ed181972c9e506807fd88048f0e714e6": 1, "TerminalGrou/dda9cf0d/mdrun_compre/0000/2ff1cb7efc19268c7ebaacf0cb7e439a": 1, "TerminalGrou/dda9cf0d/fix_overlaps/0000/9a0ffe35ef442509002a4894a4984f6b": 1}, "COF": 0.1428830619998364}