{"intercept": 1.15054482451746, "_status": {"TerminalGrou/de2420e3/initialize_s/0000/badd98e70ac240a54532f9987cfe7cee": 1, "TerminalGrou/de2420e3/em_grompp/0000/73371a79e20a6a0a94520edef12cf516": 1, "TerminalGrou/de2420e3/mdrun_compre/0000/7a94910df1f1e0c9ee75376af39a6075": 1, "TerminalGrou/de2420e3/mdrun_nvt/0000/47800ca70484f7c3920cfd1afad1b8f5": 1, "TerminalGrou/de2420e3/fix_overlaps/0000/ef6541d398c51570e28da06201498eee": 1, "TerminalGrou/de2420e3/shear_15nN_x/0000/e6458b52e14ceab5f2d699613940747a": 1, "TerminalGrou/de2420e3/nvt_equil_gr/0000/9c7893993511e3492b51bcbacf3d7746": 1, "TerminalGrou/de2420e3/compress_gro/0000/3f9d280085020b6802439d7bfbdbe3bd": 1, "TerminalGrou/de2420e3/shear_25nN_t/0000/62862b6b8a5d4e64ed320b8eb5127fd9": 1, "TerminalGrou/de2420e3/shear_5nN_gr/0000/3641a17a7a111dc773d31f4b86542848": 1, "TerminalGrou/de2420e3/shear_25nN_g/0000/550eed6de18d0a07f7b553b5b9911265": 1, "TerminalGrou/de2420e3/lmp_to_gmx/0000/498e597b94ac7a5e768b106efc0b4469": 1, "TerminalGrou/de2420e3/shear_5nN_xt/0000/89685fa303cd2fab5c6a9878c6e0b1de": 1, "TerminalGrou/de2420e3/shear_5nN_tr/0000/f38a91b3c2c4175a56db3d410e2a139f": 1, "TerminalGrou/de2420e3/shear_15nN_g/0000/99a4ec3a0e13e5994ee742f1af93b7fa": 1, "TerminalGrou/de2420e3/shear_15nN_t/0000/4cb7f1f59eae2dfb7dbb09f0f6611b4c": 1, "TerminalGrou/de2420e3/mdrun_shear_/0000/2d89e54b46c57ce6763989f09638bf94": 1, "TerminalGrou/de2420e3/calc_cof/0000/500313d76fe2903ce4442ddb2678467a": 1, "TerminalGrou/de2420e3/mdrun_shear_/0000/b5c07063216586a8885ea4f3cfba48d4": 1, "TerminalGrou/de2420e3/shear_25nN_x/0000/27c74c092e1e876a62b4a763c1f7f8f5": 1, "TerminalGrou/de2420e3/mdrun_em/0000/ac230702a94253884fd423e9816d6ba8": 1, "TerminalGrou/de2420e3/calc_frictio/0000/ba59e41f9c85b8a8650dc4ecd142637a": 1, "TerminalGrou/de2420e3/mdrun_shear_/0000/dfcee48e841d3196e4b055cfe7b6e395": 1}, "COF": 0.11817856557966111}