{"intercept": 0.8710988558792407, "_status": {"TerminalGrou/981336d1/shear_5nN_gr/0000/70c6fc2caeb14d52530a8a0738648386": 1, "TerminalGrou/981336d1/initialize_s/0000/2495f446810bb2474dd4d79078f02a48": 1, "TerminalGrou/981336d1/mdrun_shear_/0000/73096618d04c29a9f8528847a4855d3f": 1, "TerminalGrou/981336d1/fix_overlaps/0000/1c23765918a0711172820982d9679b1a": 1, "TerminalGrou/981336d1/mdrun_shear_/0000/d7d90010b58e97ca439429004ecf447c": 1, "TerminalGrou/981336d1/shear_15nN_t/0000/3f20e1a6ff1baa1429f255b1b4d85cab": 1, "TerminalGrou/981336d1/lmp_to_gmx/0000/cb336c4323224cc939ce51cef101ae67": 1, "TerminalGrou/981336d1/shear_5nN_xt/0000/2aef3a07bad3ee5b20c827c3f77cc306": 1, "TerminalGrou/981336d1/calc_cof/0000/985a542da27a9007b783213649336684": 1, "TerminalGrou/981336d1/shear_15nN_g/0000/0ce8d40e419696277e74fdb5fe95e097": 1, "TerminalGrou/981336d1/mdrun_shear_/0000/2e82fee41a736f36473d71bcab7e3a74": 1, "TerminalGrou/981336d1/nvt_equil_gr/0000/3b15d997d44fd017ff33584670ec0a22": 1, "TerminalGrou/981336d1/calc_frictio/0000/8a6a6cd33b0a5de4ca4dfc0ead8fe248": 1, "TerminalGrou/981336d1/shear_25nN_x/0000/6066e25aa102349ee398894a42caf610": 1, "TerminalGrou/981336d1/mdrun_nvt/0000/5966ab0fa21ea5d08d821007e4b89dcf": 1, "TerminalGrou/981336d1/mdrun_compre/0000/ec893875584e32a28a47759c54db1f01": 1, "TerminalGrou/981336d1/shear_5nN_tr/0000/5189e884c0f9d32afcb75cec6de9bda3": 1, "TerminalGrou/981336d1/shear_25nN_g/0000/49eaa5577e1d72cf96a47f60c633dda3": 1, "TerminalGrou/981336d1/shear_15nN_x/0000/0ecfeb53432e155b3a709971e0cbb682": 1, "TerminalGrou/981336d1/em_grompp/0000/b360ac03b7c2585cd5ed8b87544151ee": 1, "TerminalGrou/981336d1/mdrun_em/0000/6dd52c7942c1db5c8e799133ad3f8f8a": 1, "TerminalGrou/981336d1/compress_gro/0000/eb85c7886e2af67369670d92414ac128": 1, "TerminalGrou/981336d1/shear_25nN_t/0000/46f4512f301ed5fb129f75e03d127784": 1}, "COF": 0.1105873739239505}