{"intercept": 6.896670393169097, "_status": {"TerminalGrou/47eb13e3/mdrun_shear_/0000/aa2b0072dd4ec8cc8ab66ca6f7623ecf": 1, "TerminalGrou/47eb13e3/mdrun_nvt/0000/a6ff7cee1db243d1b8776aa37ed8a9ca": 1, "TerminalGrou/47eb13e3/calc_frictio/0000/53dcc1a41df81b6c736a68a80e25df64": 1, "TerminalGrou/47eb13e3/shear_25nN_t/0000/028fc3ce04621cb6c55b902f9c2cce8c": 1, "TerminalGrou/47eb13e3/shear_5nN_xt/0000/8bcc58b2044a75cfc0e63932e17434e6": 1, "TerminalGrou/47eb13e3/shear_15nN_x/0000/8ba70ba726900fe0cb924b1120bc78fb": 1, "TerminalGrou/47eb13e3/shear_25nN_g/0000/ea7148dc11c5ebdf9f62e2a536ecafdf": 1, "TerminalGrou/47eb13e3/calc_cof/0000/826c89598e37afb93ceac95bdcb422d4": 1, "TerminalGrou/47eb13e3/lmp_to_gmx/0000/a0f30b78830982bb46bb2c71cca0f35f": 1, "TerminalGrou/47eb13e3/shear_15nN_g/0000/0fb7cf7ee5a87aed386b7fc9030ddfd3": 1, "TerminalGrou/47eb13e3/em_grompp/0000/cbc7bc7eae31f4bc72c0424c3e4c1400": 1, "TerminalGrou/47eb13e3/shear_25nN_x/0000/141a45c27a3ec074ad5f15258e65b5a9": 1, "TerminalGrou/47eb13e3/mdrun_shear_/0000/41e1a2bee60bb9280210eb939c233ad1": 1, "TerminalGrou/47eb13e3/mdrun_compre/0000/f970c08d1b5a6fb3860b0cfab0f3014e": 1, "TerminalGrou/47eb13e3/fix_overlaps/0000/325f05b3fd778fc65ccb4fd3b2d0e050": 1, "TerminalGrou/47eb13e3/compress_gro/0000/23fa3d7a8afb57fb3ddb98ad8acd988b": 1, "TerminalGrou/47eb13e3/shear_5nN_gr/0000/ec615710b56e44e845a601cae0e0602b": 1, "TerminalGrou/47eb13e3/mdrun_em/0000/58909db42477bfa083c305e18e8efb1d": 1, "TerminalGrou/47eb13e3/mdrun_shear_/0000/f039b680259d1fe80bdc094c5f108352": 1, "TerminalGrou/47eb13e3/shear_5nN_tr/0000/59ed5173f2a50fa4cd1b3e3e2da08c7a": 1, "TerminalGrou/47eb13e3/initialize_s/0000/2ab57c313d0f1979ba44c4c87a16a620": 1, "TerminalGrou/47eb13e3/shear_15nN_t/0000/21a47d1fcaee02a244d667cf0b1a3b3d": 1, "TerminalGrou/47eb13e3/nvt_equil_gr/0000/10e368469284ea10462e5c9feaa113b8": 1}, "COF": 0.12347551719505465}