{"intercept": 1.033916838274818, "_status": {"TerminalGrou/61e84c54/mdrun_compre/0000/eb3ca22e7290d2bdebcdf149f225427e": 1, "TerminalGrou/61e84c54/mdrun_em/0000/41dbfb32264cca773a6b3e90fed714e1": 1, "TerminalGrou/61e84c54/shear_25nN_g/0000/dc0ca7f8eb51f016c961610e2a86ead0": 1, "TerminalGrou/61e84c54/em_grompp/0000/a2a38eb3594f269300e1801d0e6811b3": 1, "TerminalGrou/61e84c54/mdrun_nvt/0000/6bc6c2ce792d040652c778b3a6fb3059": 1, "TerminalGrou/61e84c54/lmp_to_gmx/0000/112ce11851f332e356b8a564c72a317b": 1, "TerminalGrou/61e84c54/shear_5nN_xt/0000/ad8c6b47eb303f25af8e0877e999e08a": 1, "TerminalGrou/61e84c54/fix_overlaps/0000/91f72a3aad81f3383734f603d4c071ff": 1, "TerminalGrou/61e84c54/mdrun_shear_/0000/503bb2dc80c3effcda623db729ab5270": 1, "TerminalGrou/61e84c54/shear_15nN_x/0000/99ce4085c854f362380b8315c0ed59a1": 1, "TerminalGrou/61e84c54/shear_15nN_g/0000/2decf73eaae53dd26db9dd6185169b05": 1, "TerminalGrou/61e84c54/mdrun_shear_/0000/c93fa935a21fec97e60f8fb3a05d6c07": 1, "TerminalGrou/61e84c54/shear_15nN_t/0000/b0e57d5bab8688f2f226c52d73bffd59": 1, "TerminalGrou/61e84c54/shear_25nN_x/0000/3b44f5a5ab3a626785d919cd93af08a7": 1, "TerminalGrou/61e84c54/compress_gro/0000/e2a79640e58ea264944d0044111d0e32": 1, "TerminalGrou/61e84c54/calc_cof/0000/86a8df66b9a79f152de467f29691df9d": 1, "TerminalGrou/61e84c54/mdrun_shear_/0000/71fba9425e358bbd40914f2b85a55439": 1, "TerminalGrou/61e84c54/nvt_equil_gr/0000/e9086f5d9512e455719b8d31189e6c80": 1, "TerminalGrou/61e84c54/initialize_s/0000/55a9596c227646d9a7738a94028a265a": 1, "TerminalGrou/61e84c54/shear_25nN_t/0000/32edfd5e67a8c7f591f62101f9d70b59": 1, "TerminalGrou/61e84c54/shear_5nN_tr/0000/66ec1fcc3e25d1ce1fa1d1972d314f1c": 1, "TerminalGrou/61e84c54/shear_5nN_gr/0000/0f428d5de0ae0baf988f4cb161cf89ba": 1, "TerminalGrou/61e84c54/calc_frictio/0000/5c16b67a59d04f7db5844fe5bff29ebc": 1}, "COF": 0.14194909878276327}