{"intercept": 1.1623474471088726, "_status": {"TerminalGrou/8e76ad66/em_grompp/0000/f0a060342d026dfce1d4b5cadc46d7c8": 1, "TerminalGrou/8e76ad66/calc_cof/0000/1e6b0e6e483dae29db845d0de9cf70de": 1, "TerminalGrou/8e76ad66/compress_gro/0000/54e53ba8eddba04ca939e215a0393a11": 1, "TerminalGrou/8e76ad66/nvt_equil_gr/0000/c42b585b2297d47a6fdab6c5d93ccc71": 1, "TerminalGrou/8e76ad66/calc_frictio/0000/0b84635643ea70b1ac1bda3a0e6a54d3": 1, "TerminalGrou/8e76ad66/shear_25nN_t/0000/40a02895d721fc495f4dbfb04c9ed624": 1, "TerminalGrou/8e76ad66/shear_25nN_g/0000/6f361efc601487d725727fed5520a322": 1, "TerminalGrou/8e76ad66/lmp_to_gmx/0000/96ab3432b1d9a374344f599bff3561f2": 1, "TerminalGrou/8e76ad66/mdrun_nvt/0000/dde03dd6915156dbf230eb9760a82395": 1, "TerminalGrou/8e76ad66/shear_15nN_t/0000/393d7a1782f079d292a1d19bae19fc6f": 1, "TerminalGrou/8e76ad66/mdrun_shear_/0000/52f8d4e410653570a5cdc2ab0f608c6f": 1, "TerminalGrou/8e76ad66/mdrun_compre/0000/8f41be7fa413de85981f5b28aa00e367": 1, "TerminalGrou/8e76ad66/shear_15nN_g/0000/27c21a3f7b91a21b8fa89914c02149d2": 1, "TerminalGrou/8e76ad66/shear_15nN_x/0000/0fd2e14f66e7317de45fbde96cf3715c": 1, "TerminalGrou/8e76ad66/fix_overlaps/0000/71aaf5e3d5469fd2e0f3819e43073a08": 1, "TerminalGrou/8e76ad66/shear_5nN_gr/0000/241e2e81637a9635400cf472a3f81399": 1, "TerminalGrou/8e76ad66/mdrun_shear_/0000/e64bd5ddee68aa4c4adfba8a4a2fcd1c": 1, "TerminalGrou/8e76ad66/mdrun_shear_/0000/5d1b4dc341e97540295261a79db145a3": 1, "TerminalGrou/8e76ad66/shear_5nN_xt/0000/950b26b38a1892aa4c8475a9fecc9ef2": 1, "TerminalGrou/8e76ad66/shear_25nN_x/0000/36a83fd2e6ed4173c500a5be63c46be6": 1, "TerminalGrou/8e76ad66/mdrun_em/0000/bd1f3bbce0fa8853ffa6954a66bf2328": 1, "TerminalGrou/8e76ad66/initialize_s/0000/c4646ee5af08273896e16f6893d6b1c5": 1, "TerminalGrou/8e76ad66/shear_5nN_tr/0000/442374e0bac2360243a2aa1f201ea426": 1}, "COF": 0.11970773915274639}