{"intercept": 0.9094590156372258, "_status": {"TerminalGrou/f0773eba/mdrun_shear_/0000/f8d43968757e0935469257ed57c30f3c": 1, "TerminalGrou/f0773eba/calc_frictio/0000/b6c0c05f40ef7780cbd820880dc56d03": 1, "TerminalGrou/f0773eba/shear_15nN_t/0000/fb4e843a74cc3556f03bbe75f246c1fb": 1, "TerminalGrou/f0773eba/shear_25nN_g/0000/52de4392ec564d3dfc178f03c4dd330f": 1, "TerminalGrou/f0773eba/mdrun_nvt/0000/d730d534bd92f263828254d52de39ba9": 1, "TerminalGrou/f0773eba/fix_overlaps/0000/ebdf2f790ade5c3a4e9525300cf071d9": 1, "TerminalGrou/f0773eba/shear_5nN_tr/0000/8d1054d9335bdc52ebccf08aabb75556": 1, "TerminalGrou/f0773eba/compress_gro/0000/90a24744c174306442c1d83f7468b47a": 1, "TerminalGrou/f0773eba/initialize_s/0000/c52fe902e17fbc04a0a02efd80c91b1b": 1, "TerminalGrou/f0773eba/lmp_to_gmx/0000/bc88ec6de3f10d2d7a1e14bcbaca03d2": 1, "TerminalGrou/f0773eba/shear_15nN_x/0000/63d175d82ad14fbb882272605b8f025b": 1, "TerminalGrou/f0773eba/shear_5nN_xt/0000/b7a074b570e4522cf2f75fc1513f13da": 1, "TerminalGrou/f0773eba/calc_cof/0000/7ecb37c4e56c737927c664b0a2b039ce": 1, "TerminalGrou/f0773eba/mdrun_shear_/0000/dc6da9c4a80daf81ca758dacdc5459cd": 1, "TerminalGrou/f0773eba/em_grompp/0000/618f0ee4a179195447f9b21bd6cab724": 1, "TerminalGrou/f0773eba/shear_25nN_x/0000/480eab8a9436af8e13ad8bc9588a8243": 1, "TerminalGrou/f0773eba/shear_15nN_g/0000/c0c96e732f9fb83281ec558b99651d61": 1, "TerminalGrou/f0773eba/mdrun_compre/0000/c1258e419526cfc43174b6c4fd01b79f": 1, "TerminalGrou/f0773eba/shear_5nN_gr/0000/0a180aa4e0dca56ebf27b9e5f3bcd262": 1, "TerminalGrou/f0773eba/mdrun_em/0000/2936ec13ee2a03057cf4dcd9526a3055": 1, "TerminalGrou/f0773eba/mdrun_shear_/0000/a280a32984a61ac0119737eb64dfa98a": 1, "TerminalGrou/f0773eba/shear_25nN_t/0000/9956a73f75380579b2a677cea8ffb864": 1, "TerminalGrou/f0773eba/nvt_equil_gr/0000/ed0cb1c7396952d431480860d30ac7be": 1}, "COF": 0.13918324233612456}