{"intercept": 1.4723493190173418, "_status": {"TerminalGrou/2263c401/mdrun_nvt/0000/f273b747f4a69a003b473ca0e1819878": 1, "TerminalGrou/2263c401/lmp_to_gmx/0000/205aa91997cc4b14868c0d59e6b32d1b": 1, "TerminalGrou/2263c401/mdrun_compre/0000/6a0aceb98e3a46951769d9924b677807": 1, "TerminalGrou/2263c401/shear_5nN_tr/0000/482a522c35e587821f994b44b0271f0d": 1, "TerminalGrou/2263c401/mdrun_em/0000/3b2d318cade9739678c98f73dabe3611": 1, "TerminalGrou/2263c401/shear_15nN_x/0000/11a5fd18a54bfc4d0677182859c15013": 1, "TerminalGrou/2263c401/shear_15nN_t/0000/9fe8d4a08ca81132fe1aa71f8544822a": 1, "TerminalGrou/2263c401/mdrun_shear_/0000/4d912f2e9fd4ab6d88f449729bd489a2": 1, "TerminalGrou/2263c401/em_grompp/0000/485a8209c6a3e2ae00f51f1933e698f3": 1, "TerminalGrou/2263c401/shear_25nN_x/0000/a57b721aaa40266fc391e4c1e2981b62": 1, "TerminalGrou/2263c401/mdrun_shear_/0000/6d12c4fd35ddf716d427f5281814d7fc": 1, "TerminalGrou/2263c401/mdrun_shear_/0000/5a466535436db9807d799f5fdbffcb81": 1, "TerminalGrou/2263c401/calc_cof/0000/53f0cde91fba0a2fc944ae8560d91af5": 1, "TerminalGrou/2263c401/compress_gro/0000/1335c0a12b55e92e7e619766ad8d28ef": 1, "TerminalGrou/2263c401/shear_5nN_gr/0000/536dde105df91e5a0aea60d71b85a658": 1, "TerminalGrou/2263c401/nvt_equil_gr/0000/a1d52a81cd28dee18cb3ce7f1e870bac": 1, "TerminalGrou/2263c401/initialize_s/0000/996337e4f535f2f573c576d73a3d1dea": 1, "TerminalGrou/2263c401/shear_15nN_g/0000/b52712d6646d188b9ecbe32abc1d704c": 1, "TerminalGrou/2263c401/shear_25nN_t/0000/71920fad453c990444bd1ef5b42bd955": 1, "TerminalGrou/2263c401/shear_25nN_g/0000/1f3693703416750cb9c2e4f3b1edbd65": 1, "TerminalGrou/2263c401/shear_5nN_xt/0000/26b59ff08e285e6c669ddae46385a212": 1, "TerminalGrou/2263c401/calc_frictio/0000/25b33eeaa094097fe9bcd277d2151800": 1, "TerminalGrou/2263c401/fix_overlaps/0000/0b3c99898b32e6df78b03227f50d71f0": 1}, "COF": 0.14054800795617042}