{"intercept": 0.7916343355846367, "_status": {"TerminalGrou/90f71deb/initialize_s/0000/7af1b41dc44c3c3774ab7e245da8f0c6": 1, "TerminalGrou/90f71deb/shear_25nN_t/0000/9982ca52b176fd49a3768349921739db": 1, "TerminalGrou/90f71deb/mdrun_shear_/0000/f1562057b57fb295790c73004db9ea43": 1, "TerminalGrou/90f71deb/compress_gro/0000/d3e9ba2bed19b63f04de0f6670331196": 1, "TerminalGrou/90f71deb/lmp_to_gmx/0000/bbb178ed6af32bb9bf022f0beb652705": 1, "TerminalGrou/90f71deb/shear_5nN_gr/0000/a2dc7c4f4b280bd8058e23970116d549": 1, "TerminalGrou/90f71deb/shear_25nN_g/0000/069c0c71ad24c6aee6e1d8f08185fbaf": 1, "TerminalGrou/90f71deb/mdrun_nvt/0000/1a901fff119f9d74209e6c2e973c7fff": 1, "TerminalGrou/90f71deb/shear_15nN_t/0000/206d0c81567a33cec7992feb8f39d21e": 1, "TerminalGrou/90f71deb/mdrun_em/0000/793ff46b754de868494b7a64497978d9": 1, "TerminalGrou/90f71deb/shear_5nN_xt/0000/13043aae8e63e38a3e6b9f252e428ce1": 1, "TerminalGrou/90f71deb/calc_frictio/0000/d18307f59c164889c1a976ac44faa4f3": 1, "TerminalGrou/90f71deb/mdrun_compre/0000/cc2f1b911010b8f20b77702091ea4fac": 1, "TerminalGrou/90f71deb/calc_cof/0000/3ea8246d307c69b86f6b000fa476f572": 1, "TerminalGrou/90f71deb/shear_15nN_x/0000/a3dceecdf0a5a9cd7fd49a151364f24c": 1, "TerminalGrou/90f71deb/nvt_equil_gr/0000/9ca45b132e75cb64a1c0e72d14c8e1c7": 1, "TerminalGrou/90f71deb/shear_15nN_g/0000/a92001f335ca159c97276bcb5119153e": 1, "TerminalGrou/90f71deb/em_grompp/0000/55d2136a6753daeae5955a0245d4ab4f": 1, "TerminalGrou/90f71deb/fix_overlaps/0000/d005690cb8acc2697f73af891e919179": 1, "TerminalGrou/90f71deb/shear_25nN_x/0000/1bf71779f2c78b7197fdc1e7b63ccaea": 1, "TerminalGrou/90f71deb/shear_5nN_tr/0000/b01cdb13bc994130dd734d8b942bcfd5": 1, "TerminalGrou/90f71deb/mdrun_shear_/0000/4df40a79409275bd2a8534fd705540a2": 1, "TerminalGrou/90f71deb/mdrun_shear_/0000/9a5d988a447b71130b716c2f08702f13": 1}, "COF": 0.1460088181021402}