{"intercept": 0.5601155115284442, "_status": {"TerminalGrou/599f5bc1/shear_25nN_x/0000/07d296f705140f670e0654c02e476c6a": 1, "TerminalGrou/599f5bc1/nvt_equil_gr/0000/4792048b858dc383b3619e85e1ff0d85": 1, "TerminalGrou/599f5bc1/mdrun_compre/0000/f1fd07013361b1f1ace37bb4f7dc11db": 1, "TerminalGrou/599f5bc1/em_grompp/0000/a2aade0b459ecbe393cf4494a2aef4c5": 1, "TerminalGrou/599f5bc1/shear_5nN_xt/0000/6a255413e24de2ad56a07a05819ea92d": 1, "TerminalGrou/599f5bc1/calc_frictio/0000/8d1cf9175625292fe0181de0887647df": 1, "TerminalGrou/599f5bc1/shear_15nN_t/0000/27adfd556dd992f195436eee3226744c": 1, "TerminalGrou/599f5bc1/mdrun_shear_/0000/4066ff21844873d5d4d0dde83ad6a22e": 1, "TerminalGrou/599f5bc1/fix_overlaps/0000/cda7ab93f36aaa49458638951ce1faf3": 1, "TerminalGrou/599f5bc1/shear_15nN_x/0000/b64e5c9236e32da75af2f780808c2bd2": 1, "TerminalGrou/599f5bc1/shear_5nN_gr/0000/d8852d28b740fc69403856be301bb423": 1, "TerminalGrou/599f5bc1/shear_25nN_g/0000/e6b5de9070126a49ae06f2b168b122c6": 1, "TerminalGrou/599f5bc1/shear_25nN_t/0000/cb577953f1a81cc829c9dd394f7fb9f4": 1, "TerminalGrou/599f5bc1/mdrun_em/0000/16613b341cb5982e9dd0dde41993cbf2": 1, "TerminalGrou/599f5bc1/shear_5nN_tr/0000/52fe5cfdcf8020491f69f291dd44fc83": 1, "TerminalGrou/599f5bc1/compress_gro/0000/9c240e9e10b5035fb029d8e716008023": 1, "TerminalGrou/599f5bc1/lmp_to_gmx/0000/7df13e64c036e3f46bdd1b45739b9f59": 1, "TerminalGrou/599f5bc1/shear_15nN_g/0000/a8516c1cdaa7da774eb8d24c9af1cd9f": 1, "TerminalGrou/599f5bc1/initialize_s/0000/cd11e1ff49bfeb0afb1a99ef4d17a57a": 1, "TerminalGrou/599f5bc1/mdrun_nvt/0000/5f87e3863d95c1aa4c2bc0a869a35cc3": 1, "TerminalGrou/599f5bc1/mdrun_shear_/0000/d3c09d7263b8ccf1b402be9bca3661b6": 1, "TerminalGrou/599f5bc1/calc_cof/0000/910ce0f26551903f176b407abd31b643": 1, "TerminalGrou/599f5bc1/mdrun_shear_/0000/f7ccbfbf2e1c0db2e2549c9254922fe0": 1}, "COF": 0.12861425536232873}