{"intercept": 3.6879238927135543, "_status": {"TerminalGrou/b60c94f2/em_grompp/0000/2cf97141234e8a64c4e8ad9e8a5f7fa2": 1, "TerminalGrou/b60c94f2/mdrun_shear_/0000/456a9b28034a01d5f22c477e4d9b651e": 1, "TerminalGrou/b60c94f2/shear_15nN_t/0000/bf9eec65b1e45e6cc34fc58e083863b2": 1, "TerminalGrou/b60c94f2/shear_15nN_g/0000/bd79977507efb6af6347753582a10883": 1, "TerminalGrou/b60c94f2/shear_25nN_g/0000/21ffae723f4627b43894f26c90d20d10": 1, "TerminalGrou/b60c94f2/mdrun_compre/0000/960a3640f4623833e5b37e88ad3dba89": 1, "TerminalGrou/b60c94f2/mdrun_em/0000/a7c30ae1d0c1e9d160de7350773553e5": 1, "TerminalGrou/b60c94f2/shear_25nN_x/0000/952d6cef2dbe6930d025b02197b63526": 1, "TerminalGrou/b60c94f2/shear_5nN_xt/0000/bb316aac36155a8333e4e2bb5b35e43d": 1, "TerminalGrou/b60c94f2/nvt_equil_gr/0000/e7df779c6177bfad797a7bcd9fb60685": 1, "TerminalGrou/b60c94f2/compress_gro/0000/857cecb7c65524f3ee019a53b603d472": 1, "TerminalGrou/b60c94f2/calc_cof/0000/e08fbc2613fd74964b840d346831d442": 1, "TerminalGrou/b60c94f2/mdrun_shear_/0000/318d8a645c864b933d4184932c7a61c4": 1, "TerminalGrou/b60c94f2/mdrun_shear_/0000/caedf13cc4e7b1720fed30311e3a4e52": 1, "TerminalGrou/b60c94f2/shear_25nN_t/0000/0fcd4babcd6ed8b3d1a89a6907e50200": 1, "TerminalGrou/b60c94f2/mdrun_nvt/0000/193c7b505ed1afd859def79ec6ca5e3e": 1, "TerminalGrou/b60c94f2/lmp_to_gmx/0000/5570da3e258c5320653dc0c6d9c19b45": 1, "TerminalGrou/b60c94f2/shear_5nN_tr/0000/ef633a04caad03803d1e72c1574182be": 1, "TerminalGrou/b60c94f2/initialize_s/0000/e98781583fc3cacca5b88d5ecfd10976": 1, "TerminalGrou/b60c94f2/calc_frictio/0000/2899d377840c265f8b61cbda474d2c2e": 1, "TerminalGrou/b60c94f2/shear_15nN_x/0000/5ec3543d5cbe316cc91ba3267fb8d1b7": 1, "TerminalGrou/b60c94f2/shear_5nN_gr/0000/d863dbb94a4abba4b8376c363b99cb94": 1, "TerminalGrou/b60c94f2/fix_overlaps/0000/745936258a1f46dcf9503f444fa71f07": 1}, "COF": 0.11956344538967803}