{"intercept": 2.751926685568512, "_status": {"TerminalGrou/7ac4aa45/mdrun_nvt/0000/7b10474c4f569723b81ac79d8fa67cec": 1, "TerminalGrou/7ac4aa45/shear_25nN_t/0000/d6c943db064c6b5a4c663740da58dcac": 1, "TerminalGrou/7ac4aa45/lmp_to_gmx/0000/50c1682d73afea5aad0214739b4cca1b": 1, "TerminalGrou/7ac4aa45/mdrun_shear_/0000/eaa12c5e40df15940655a6333aee6ce9": 1, "TerminalGrou/7ac4aa45/initialize_s/0000/e3d47c25a157058b2feb52f862f54f5c": 1, "TerminalGrou/7ac4aa45/calc_frictio/0000/f8b56c5256350486382017bc13cf75c3": 1, "TerminalGrou/7ac4aa45/shear_25nN_x/0000/8c856cbc9caf816da35ed693c069e2e6": 1, "TerminalGrou/7ac4aa45/shear_15nN_t/0000/ffe18226c0e5fa8cc7fb976c85a43efe": 1, "TerminalGrou/7ac4aa45/shear_15nN_x/0000/a8dd459e0ae5824c09a2094d08247fed": 1, "TerminalGrou/7ac4aa45/mdrun_shear_/0000/3eb6b967a5280a617ab2601ccd0b7367": 1, "TerminalGrou/7ac4aa45/shear_5nN_xt/0000/ad73430a387734bbc4ff30a975e8204b": 1, "TerminalGrou/7ac4aa45/mdrun_shear_/0000/d7d027668a2982a7e25bbb82638dc53b": 1, "TerminalGrou/7ac4aa45/shear_5nN_gr/0000/75426e8ab92366bf6b0be5de9cc2cf70": 1, "TerminalGrou/7ac4aa45/mdrun_em/0000/77af494302347dbed944db71bbd311f2": 1, "TerminalGrou/7ac4aa45/em_grompp/0000/c0221e73228fc808bbb8f976d9b75a9e": 1, "TerminalGrou/7ac4aa45/mdrun_compre/0000/485251f293e207e7af08d8647b559f50": 1, "TerminalGrou/7ac4aa45/fix_overlaps/0000/3edf2de114cb01c052482fe223352dd3": 1, "TerminalGrou/7ac4aa45/nvt_equil_gr/0000/ef0a1334608a176d612424fb747b2368": 1, "TerminalGrou/7ac4aa45/calc_cof/0000/13ce4138eb9b1c0fae9411bbf6548d75": 1, "TerminalGrou/7ac4aa45/shear_5nN_tr/0000/5a8fdd75a3a42dcc48561abec7ee99a8": 1, "TerminalGrou/7ac4aa45/shear_25nN_g/0000/4236a59fca20e991ff5193b087e13ab5": 1, "TerminalGrou/7ac4aa45/compress_gro/0000/d6ee59205ad20027f46736454203fe66": 1, "TerminalGrou/7ac4aa45/shear_15nN_g/0000/17b2c344ac2cd4361ad49f3e70e03edf": 1}, "COF": 0.14089631736656286}