{"intercept": 1.2233625585813184, "_status": {"TerminalGrou/fa97261b/mdrun_em/0000/ca2e8387690694ba72f14a9b65d9ddf2": 1, "TerminalGrou/fa97261b/mdrun_shear_/0000/8dc88e5c0329287a5e4e397f6721ac5b": 1, "TerminalGrou/fa97261b/calc_cof/0000/06c9ac593be8817926e46df5d2c97324": 1, "TerminalGrou/fa97261b/mdrun_compre/0000/e0b1e68da1940c31cfbf846bcf8e79ab": 1, "TerminalGrou/fa97261b/shear_15nN_x/0000/e95f581579d33895c61bf5300fefe68d": 1, "TerminalGrou/fa97261b/shear_25nN_g/0000/fbd8117c54d9e16007c5be6182fabd51": 1, "TerminalGrou/fa97261b/shear_5nN_tr/0000/4d7b5d8d28918549f79de4a66135d46b": 1, "TerminalGrou/fa97261b/nvt_equil_gr/0000/3f5a1465a9507a7562e0eb89a089a772": 1, "TerminalGrou/fa97261b/initialize_s/0000/5c9b65b3fc7cf4298d7412cfec64569b": 1, "TerminalGrou/fa97261b/mdrun_shear_/0000/bf044cacae48f8d9e2f5d09431a3a08c": 1, "TerminalGrou/fa97261b/mdrun_shear_/0000/f6e23f16c701afbb847ccff6598aa8bf": 1, "TerminalGrou/fa97261b/shear_25nN_x/0000/63dab0d6fe1d5dc63e153a063713fa3d": 1, "TerminalGrou/fa97261b/shear_15nN_t/0000/5272436dc0c8994f58c74c4aca29df24": 1, "TerminalGrou/fa97261b/compress_gro/0000/96e123f809c354f4df95dd51e73875df": 1, "TerminalGrou/fa97261b/fix_overlaps/0000/8a725be88aedb6348052862b9398216f": 1, "TerminalGrou/fa97261b/mdrun_nvt/0000/95fca3c35a6935516bc6117a35f26653": 1, "TerminalGrou/fa97261b/shear_25nN_t/0000/d15e7fb1137f5c8705f79f03e9c0ba95": 1, "TerminalGrou/fa97261b/shear_15nN_g/0000/ecda7d1a7ee8a4b663ff28524fa835ab": 1, "TerminalGrou/fa97261b/shear_5nN_xt/0000/3e3b3cbdc9b847938a19da708c491309": 1, "TerminalGrou/fa97261b/calc_frictio/0000/4e03209ada41d038de66226ebe42f494": 1, "TerminalGrou/fa97261b/em_grompp/0000/961d5289bcacc6a63b24fa2063780ddc": 1, "TerminalGrou/fa97261b/shear_5nN_gr/0000/273c3492566e34c3a89f0d29cd3a4d08": 1, "TerminalGrou/fa97261b/lmp_to_gmx/0000/5104fe32d3aed57d337bb8c67a4a8f8f": 1}, "COF": 0.13656224110997287}