{"intercept": 1.200483485686791, "_status": {"TerminalGrou/57c96ec0/shear_15nN_g/0000/0d1f101e571c5ee94089bdd2ef579cce": 1, "TerminalGrou/57c96ec0/initialize_s/0000/5225931acdc2b48a65fa433489d32929": 1, "TerminalGrou/57c96ec0/mdrun_shear_/0000/94b0407da7ac0c04b6db152f3774178c": 1, "TerminalGrou/57c96ec0/shear_5nN_xt/0000/f57a0a5142a1a92a5e87052a288515a1": 1, "TerminalGrou/57c96ec0/em_grompp/0000/f719863d3aa0cada465b7241dad59f75": 1, "TerminalGrou/57c96ec0/mdrun_em/0000/0cce4cc79ed33f86e0a6bf7c41c53dbc": 1, "TerminalGrou/57c96ec0/shear_25nN_t/0000/a07f7e0c603ca305149b4efd916755f9": 1, "TerminalGrou/57c96ec0/shear_15nN_t/0000/b7827240e878bd90e8432a4809e0802b": 1, "TerminalGrou/57c96ec0/shear_15nN_x/0000/75aebecf0c5711c2742730c194dddf91": 1, "TerminalGrou/57c96ec0/shear_5nN_tr/0000/4baf20d573c443d0a10908e0896e3515": 1, "TerminalGrou/57c96ec0/shear_25nN_x/0000/8454fb6637851082519d489f836ff763": 1, "TerminalGrou/57c96ec0/shear_5nN_gr/0000/005417a52f56b5488c5055715ab16695": 1, "TerminalGrou/57c96ec0/mdrun_shear_/0000/931ba464c698143ce852689f53f334ee": 1, "TerminalGrou/57c96ec0/calc_frictio/0000/74b4e2c2612cc15c9eeb56abd316ca29": 1, "TerminalGrou/57c96ec0/mdrun_compre/0000/352a88e65d6874003c974d52152ecbc6": 1, "TerminalGrou/57c96ec0/lmp_to_gmx/0000/3162b452c36805dbca08d0e2dfe7b51e": 1, "TerminalGrou/57c96ec0/calc_cof/0000/3e08336abea091b7965f3b96987077b1": 1, "TerminalGrou/57c96ec0/compress_gro/0000/303ae6da8a2fdd333dc9623f32a8a5d8": 1, "TerminalGrou/57c96ec0/fix_overlaps/0000/c1bd906f238cd0da6596f9097741dc0c": 1, "TerminalGrou/57c96ec0/mdrun_nvt/0000/fcf90b0b25ad4dc20c11f1ead7dc1acf": 1, "TerminalGrou/57c96ec0/mdrun_shear_/0000/5a78fa8dd763721a779d0725ec016181": 1, "TerminalGrou/57c96ec0/shear_25nN_g/0000/21d38f0a93408ba9e2b6321b4f52c2fe": 1, "TerminalGrou/57c96ec0/nvt_equil_gr/0000/8c05a0339a51b74eab0dc56e03d09dbf": 1}, "COF": 0.13558937143769773}