{"intercept": 3.396969840658152, "_status": {"TerminalGrou/9c90a2de/mdrun_shear_/0000/3a479bc0271c48c646e0b69fa2426d9e": 1, "TerminalGrou/9c90a2de/shear_25nN_t/0000/0fecb23869d7d5077f70f4886e5f3470": 1, "TerminalGrou/9c90a2de/mdrun_compre/0000/a27b5bf25999b739477139406fc010dc": 1, "TerminalGrou/9c90a2de/shear_25nN_g/0000/f93217212a19055dc019fc41449da709": 1, "TerminalGrou/9c90a2de/lmp_to_gmx/0000/75720de34aa1070a009ee5b2a6d33642": 1, "TerminalGrou/9c90a2de/fix_overlaps/0000/21da0725e09c237ff6b233083e37c660": 1, "TerminalGrou/9c90a2de/shear_5nN_tr/0000/c23e9351c4477957513ff661020b720c": 1, "TerminalGrou/9c90a2de/mdrun_nvt/0000/ec1acb078e20da5443784d7883dc17a2": 1, "TerminalGrou/9c90a2de/calc_cof/0000/1940c9b36d44ee94770d10334cbe6704": 1, "TerminalGrou/9c90a2de/shear_25nN_x/0000/779e44b5b1ef873e17aa705108f9c4f4": 1, "TerminalGrou/9c90a2de/nvt_equil_gr/0000/d9d63925fc02d726128c2a4d61389a5c": 1, "TerminalGrou/9c90a2de/shear_5nN_gr/0000/4597e9b35c117fe0f1c0b645a7ec9a5c": 1, "TerminalGrou/9c90a2de/mdrun_shear_/0000/88f07f1a509e921a9568ef0bc0c978a6": 1, "TerminalGrou/9c90a2de/mdrun_em/0000/fed40947be6857659010d47bb99f8c53": 1, "TerminalGrou/9c90a2de/em_grompp/0000/ef61b7a8a5fdb2340c42ffda22b9969e": 1, "TerminalGrou/9c90a2de/mdrun_shear_/0000/caa74ce546abe0b09bc825dadccd2484": 1, "TerminalGrou/9c90a2de/shear_15nN_t/0000/55613217083aed7eaafa3f90ae0d82e2": 1, "TerminalGrou/9c90a2de/shear_15nN_g/0000/de5c9208cfee501aa815c59d6f06da19": 1, "TerminalGrou/9c90a2de/shear_15nN_x/0000/710cd59d9e020f65486f04743fd9d0d8": 1, "TerminalGrou/9c90a2de/compress_gro/0000/4a4b1a559f428a26efebab4364bcb268": 1, "TerminalGrou/9c90a2de/initialize_s/0000/16da1e8c1777dba167ffd593cd2ec428": 1, "TerminalGrou/9c90a2de/shear_5nN_xt/0000/b2e434a2404bd2a747870e71ea724ed5": 1, "TerminalGrou/9c90a2de/calc_frictio/0000/314237752bc03c31ab99e48d85aa8985": 1}, "COF": 0.13493144688974967}