{"intercept": 0.028508887166307062, "_status": {"TerminalGrou/766ec5c3/calc_frictio/0000/585e89456357b0ea2bc39c50a651054e": 1, "TerminalGrou/766ec5c3/em_grompp/0000/cb3370cfc43863ae9d0f6e4e1e9b175f": 1, "TerminalGrou/766ec5c3/shear_25nN_g/0000/993887370adc6deba8f26654418a8540": 1, "TerminalGrou/766ec5c3/shear_5nN_tr/0000/5d4147a8c0d1ffbfd0396a21a47960a9": 1, "TerminalGrou/766ec5c3/shear_5nN_xt/0000/c55d787a5186bcfd6ae3ec16e1d8aa3a": 1, "TerminalGrou/766ec5c3/mdrun_shear_/0000/984e1b0b8902b16dbd0ddae0e89da0e1": 1, "TerminalGrou/766ec5c3/lmp_to_gmx/0000/b3887b7d74ddef8e6be941324c9a191d": 1, "TerminalGrou/766ec5c3/mdrun_em/0000/88e8eced66692faea3d61959c781d033": 1, "TerminalGrou/766ec5c3/mdrun_compre/0000/01b6325b65350fdf41dab70b1cfe3ad5": 1, "TerminalGrou/766ec5c3/mdrun_shear_/0000/0fe7dc91d809c01c5c5f3600a67d2c82": 1, "TerminalGrou/766ec5c3/compress_gro/0000/b1e858e4a4b1fdbdae2e1af34072c60e": 1, "TerminalGrou/766ec5c3/shear_15nN_x/0000/38d7ab876f7ad074fee120943f7e4fee": 1, "TerminalGrou/766ec5c3/mdrun_nvt/0000/a388000a7e4e53aa3636679a1742d96d": 1, "TerminalGrou/766ec5c3/nvt_equil_gr/0000/4244c998edf25e40e8fe41f9690d6f95": 1, "TerminalGrou/766ec5c3/fix_overlaps/0000/e5f920c3cc0f8caef3504dd822d46b25": 1, "TerminalGrou/766ec5c3/shear_25nN_x/0000/b59eac805e5a8af9d02132a3ae841ff6": 1, "TerminalGrou/766ec5c3/calc_cof/0000/5bd0ab39fc808917f5c7f7f9a0640004": 1, "TerminalGrou/766ec5c3/initialize_s/0000/18ee68bd1072e406a579cf0af9a7416b": 1, "TerminalGrou/766ec5c3/mdrun_shear_/0000/0a45f199cf1bc6d5678f0ff6dab57cb8": 1, "TerminalGrou/766ec5c3/shear_5nN_gr/0000/bd9f1b14b58cabbfd9205ecca191ed69": 1, "TerminalGrou/766ec5c3/shear_15nN_g/0000/e0a79a9258b2ce3dc41031fd60092009": 1, "TerminalGrou/766ec5c3/shear_25nN_t/0000/b3c48ba10228eba37da20dfda5893c04": 1, "TerminalGrou/766ec5c3/shear_15nN_t/0000/78ea6348e5bdf8ab8b6b967060620a43": 1}, "COF": 0.17242352566590438}