{"intercept": 1.1885440216046672, "_status": {"TerminalGrou/c609d154/shear_15nN_t/0000/fd06a207347c5a6afb0d61f29f3e8a47": 1, "TerminalGrou/c609d154/shear_5nN_tr/0000/e296a1f86ff2a39506f449081b5f21ef": 1, "TerminalGrou/c609d154/compress_gro/0000/1f9a1202a28e610a02abfe22c703e249": 1, "TerminalGrou/c609d154/shear_5nN_xt/0000/0a9333a428dca228377a4fbf7e15f5fb": 1, "TerminalGrou/c609d154/calc_cof/0000/544aced80c5adae6a4502a58d2995923": 1, "TerminalGrou/c609d154/shear_15nN_x/0000/5abab7fa22ceda56cbe55824fc5d5865": 1, "TerminalGrou/c609d154/mdrun_shear_/0000/284bfc728101c5212bffbe0b08bbc91c": 1, "TerminalGrou/c609d154/initialize_s/0000/ec330c52f4f57da8d34691d95f414e3f": 1, "TerminalGrou/c609d154/shear_25nN_t/0000/ef03d9eec35e100b4520bc96ddcba86c": 1, "TerminalGrou/c609d154/mdrun_compre/0000/986a78a3d76b11d69d58ca51f740ce7b": 1, "TerminalGrou/c609d154/shear_25nN_x/0000/38c70e30454ba059acfb5df212d9cdef": 1, "TerminalGrou/c609d154/calc_frictio/0000/9bb89d0233e49c47155676851ab82ce1": 1, "TerminalGrou/c609d154/mdrun_shear_/0000/041d1d670c8232ed4877f12eea4a949e": 1, "TerminalGrou/c609d154/fix_overlaps/0000/ada7e9e5c9791c16d96818793bf2cd6a": 1, "TerminalGrou/c609d154/nvt_equil_gr/0000/c43185a04e34c9070dc7b571717cbbe7": 1, "TerminalGrou/c609d154/em_grompp/0000/3cec51d80955f4c8ebc6425facdd20c9": 1, "TerminalGrou/c609d154/mdrun_nvt/0000/8e48a92ddbd2df797dc42242ad9a11c2": 1, "TerminalGrou/c609d154/mdrun_shear_/0000/be1091f95c1266f4b26e7f5d3026e6f1": 1, "TerminalGrou/c609d154/mdrun_em/0000/0baba406c8346fb4966f2eba39975eb8": 1, "TerminalGrou/c609d154/shear_15nN_g/0000/559feb568614e72cee6249fc2b719d17": 1, "TerminalGrou/c609d154/shear_25nN_g/0000/c9811bc1dcd764e2a8006fad3762751d": 1, "TerminalGrou/c609d154/lmp_to_gmx/0000/5ac46a0281d2ae7550add132fe43f748": 1, "TerminalGrou/c609d154/shear_5nN_gr/0000/29db142fa009d21934a85c3c3fe02a23": 1}, "COF": 0.14192759874982194}