{"intercept": 1.37045415539327, "_status": {"TerminalGrou/d48fcc03/calc_cof/0000/9cb55857c1be706a64443c52af3ef838": 1, "TerminalGrou/d48fcc03/mdrun_compre/0000/b7892ce25912b6620b45f3c6035ab924": 1, "TerminalGrou/d48fcc03/lmp_to_gmx/0000/975663ad8cb89450c5a3c366bcc38fdb": 1, "TerminalGrou/d48fcc03/mdrun_shear_/0000/71c96f320544a7c4e4a0dead96ab80e6": 1, "TerminalGrou/d48fcc03/compress_gro/0000/b9a044bf2f55625a3e10e32b74d68ac5": 1, "TerminalGrou/d48fcc03/shear_25nN_t/0000/20170b4056b3379e3533d8e0c5a8d1d7": 1, "TerminalGrou/d48fcc03/shear_15nN_x/0000/858915e4a31bfa6422de5b477b8eed8b": 1, "TerminalGrou/d48fcc03/shear_15nN_t/0000/87d6606aedef1417b0897df323a57384": 1, "TerminalGrou/d48fcc03/nvt_equil_gr/0000/63306863e4883019fd8bdce632e863a5": 1, "TerminalGrou/d48fcc03/mdrun_em/0000/85554dcce5500ab76e0bfa672befa95b": 1, "TerminalGrou/d48fcc03/mdrun_shear_/0000/cf6df0a218f65abd993de4104e2d1961": 1, "TerminalGrou/d48fcc03/mdrun_nvt/0000/f7c2833f7b87ba6f1f1657808ac74ab0": 1, "TerminalGrou/d48fcc03/initialize_s/0000/a55957331ecb2a48de96f4e2874ca066": 1, "TerminalGrou/d48fcc03/shear_25nN_g/0000/ee2277ab8f430618374ad97e7f231240": 1, "TerminalGrou/d48fcc03/mdrun_shear_/0000/74f8cb1ab459311b8c0562b5d4f03bfe": 1, "TerminalGrou/d48fcc03/shear_25nN_x/0000/fc2735f33cca44b3bb3ce1ff19d497fc": 1, "TerminalGrou/d48fcc03/fix_overlaps/0000/c47005f11daff4faccffd3301c2bcf98": 1, "TerminalGrou/d48fcc03/em_grompp/0000/300ed3cff8c275a1530da5040010ddd3": 1, "TerminalGrou/d48fcc03/shear_5nN_gr/0000/fcc71ab940870a7834aca75828cb81e0": 1, "TerminalGrou/d48fcc03/shear_5nN_xt/0000/ca4ea0c05972ca922ebd2edcc6309771": 1, "TerminalGrou/d48fcc03/calc_frictio/0000/e0705225b6c782352efc1647574e0f57": 1, "TerminalGrou/d48fcc03/shear_5nN_tr/0000/5052e5b1e71406f1615b3ad5894a68ed": 1, "TerminalGrou/d48fcc03/shear_15nN_g/0000/04f6e034cc3213a9732fa00d8b083783": 1}, "COF": 0.1181108463914054}