{"intercept": 0.19405309278695837, "_status": {"TerminalGrou/86afc171/shear_15nN_g/0000/48189931867bd754119e6aac4cc11777": 1, "TerminalGrou/86afc171/calc_frictio/0000/1c586e7e2d6957e16c456c50fcd12126": 1, "TerminalGrou/86afc171/shear_25nN_g/0000/1aa5313dbf35030f79f72fffae79845f": 1, "TerminalGrou/86afc171/calc_cof/0000/79f36be918155b494935c83aff70c8a6": 1, "TerminalGrou/86afc171/shear_5nN_gr/0000/a456f05c95c853cd8821a1f96c78a5ca": 1, "TerminalGrou/86afc171/shear_15nN_x/0000/78a8ffd7dc23a3d59a19b72ae10e27e3": 1, "TerminalGrou/86afc171/shear_5nN_tr/0000/e08212b36dada7c1b9698306566883cf": 1, "TerminalGrou/86afc171/shear_15nN_t/0000/ae3b72a82d27ac2484340ee264469b51": 1, "TerminalGrou/86afc171/mdrun_shear_/0000/dde8ec1ca50dd9ddb7d54627c7371bee": 1, "TerminalGrou/86afc171/mdrun_shear_/0000/5653a74f44be4fcb2def8c54e443150a": 1, "TerminalGrou/86afc171/initialize_s/0000/f0a634bcc31aabc112befb7136bc97c7": 1, "TerminalGrou/86afc171/nvt_equil_gr/0000/39d1488f501a8376cb7c556adb8f8c90": 1, "TerminalGrou/86afc171/shear_25nN_x/0000/97fe8789c9ed177521f812279cca1306": 1, "TerminalGrou/86afc171/em_grompp/0000/daa84f4d81e6808c0e0c8e369c9cfd10": 1, "TerminalGrou/86afc171/mdrun_em/0000/2c33459af7f8d51e0431f129cbebeb05": 1, "TerminalGrou/86afc171/lmp_to_gmx/0000/bbd8a8cb64425a60333eb67cb25be12e": 1, "TerminalGrou/86afc171/shear_25nN_t/0000/4b93cd3ffea7200af36a84c35a84614a": 1, "TerminalGrou/86afc171/shear_5nN_xt/0000/a42f3312af3f81c740cb7b28e4b26bff": 1, "TerminalGrou/86afc171/mdrun_compre/0000/1b3f0cf7bd182f75e439b5975ce99082": 1, "TerminalGrou/86afc171/compress_gro/0000/e0f8253cf748e53ad5746a26fde4a27e": 1, "TerminalGrou/86afc171/fix_overlaps/0000/0ed1942d8efc40c9a39ae4913faeb82c": 1, "TerminalGrou/86afc171/mdrun_nvt/0000/bfe910fa3ce1f64686bb498820ec5909": 1, "TerminalGrou/86afc171/mdrun_shear_/0000/9c182515dd3a6ae24fd3e47cac5a671d": 1}, "COF": 0.14937600903849266}