{"intercept": 3.5500415224255057, "_status": {"TerminalGrou/fbef3068/calc_frictio/0000/8df3939642f419a6f004c2e2dedaa942": 1, "TerminalGrou/fbef3068/compress_gro/0000/b6a151a8e14093a00c90ad9a1570a35c": 1, "TerminalGrou/fbef3068/shear_5nN_xt/0000/88a7de3cdf513a9ef859e114a2a4dc24": 1, "TerminalGrou/fbef3068/mdrun_shear_/0000/07be39b3d9576736275c9a5962b8e20a": 1, "TerminalGrou/fbef3068/mdrun_compre/0000/45c8fceb4dd7ef78de15b1866a14b38c": 1, "TerminalGrou/fbef3068/shear_15nN_x/0000/f5f1c4b189b82a9809f9b5873ea1b1ac": 1, "TerminalGrou/fbef3068/calc_cof/0000/9a125a3590adc3e42d57ce39a06bbe18": 1, "TerminalGrou/fbef3068/mdrun_nvt/0000/80fcd75a5b8127e598d696c9183d8f3b": 1, "TerminalGrou/fbef3068/nvt_equil_gr/0000/7e17c2a254bdf7880e56cc8136a9d681": 1, "TerminalGrou/fbef3068/lmp_to_gmx/0000/afba68d030d92b801b9cd1c0c36a34c0": 1, "TerminalGrou/fbef3068/shear_25nN_g/0000/9545cff93fb2170e5bc9067060f18c56": 1, "TerminalGrou/fbef3068/mdrun_em/0000/fce878b4d3a180cf9d5f91db39328834": 1, "TerminalGrou/fbef3068/fix_overlaps/0000/d06650fdfeb5ad8ae0af620003824016": 1, "TerminalGrou/fbef3068/shear_25nN_x/0000/c0b35261383ad2e8c4e2c895baed85a4": 1, "TerminalGrou/fbef3068/initialize_s/0000/c08e7cdacdb9a8952fdc86f763c869d7": 1, "TerminalGrou/fbef3068/mdrun_shear_/0000/319143256f5f7733c5d3a9b8c0a55e51": 1, "TerminalGrou/fbef3068/shear_25nN_t/0000/87e87e94d1cdfaf855ec4b41a5f0ccde": 1, "TerminalGrou/fbef3068/shear_15nN_t/0000/7ebd48b4f8aa8fe7627f855331e25165": 1, "TerminalGrou/fbef3068/mdrun_shear_/0000/5b9a4d12f06bb874e554356970a6cef0": 1, "TerminalGrou/fbef3068/shear_15nN_g/0000/21fb0b49f7a6a5dd6a17d91456f57e9b": 1, "TerminalGrou/fbef3068/shear_5nN_gr/0000/fc95f66bc222e07041f0b2b43219f998": 1, "TerminalGrou/fbef3068/em_grompp/0000/79f74e0f2d42988e16190c6d887c8d83": 1, "TerminalGrou/fbef3068/shear_5nN_tr/0000/5bb585a34cadf4eb3c7f0fb0acb62db9": 1}, "COF": 0.15753214383829364}