{"intercept": 7.080400999338899, "_status": {"TerminalGrou/bada4225/mdrun_shear_/0000/9dc7de64adaad87b4b054985df3a1ff2": 1, "TerminalGrou/bada4225/mdrun_compre/0000/2d6fdbed520d3adcb5a85d1bd453c2de": 1, "TerminalGrou/bada4225/shear_15nN_g/0000/ee48f8d7e757dab211a9d8f72783eeba": 1, "TerminalGrou/bada4225/mdrun_shear_/0000/c534c374ebe07b87af27b6fa295e7022": 1, "TerminalGrou/bada4225/shear_15nN_x/0000/c810177976d64de132535f4c10da3c9a": 1, "TerminalGrou/bada4225/fix_overlaps/0000/8fa574bd167271282da93ac226fdedd9": 1, "TerminalGrou/bada4225/calc_frictio/0000/f36a6cf89cd1a4ea3aac0a149a7c78f2": 1, "TerminalGrou/bada4225/shear_5nN_tr/0000/fe318bb9b6357488ef2b94cc4f5ef487": 1, "TerminalGrou/bada4225/shear_25nN_t/0000/547ad920c50b2baf0966c6d0d152c90d": 1, "TerminalGrou/bada4225/shear_25nN_g/0000/02704d093c6c88b5fc23fb4d2ab2c06c": 1, "TerminalGrou/bada4225/shear_5nN_gr/0000/ef4959dc22d036355f59b503bf130c15": 1, "TerminalGrou/bada4225/shear_5nN_xt/0000/64ca76c23fe3c200f5606f94df4b0eae": 1, "TerminalGrou/bada4225/lmp_to_gmx/0000/a60c16bfd7e5b8c228a2e532173fb835": 1, "TerminalGrou/bada4225/calc_cof/0000/0fc3996a5f244ac3cf32de6542217501": 1, "TerminalGrou/bada4225/mdrun_nvt/0000/34bf8166e5aadb680540bb735adf2caf": 1, "TerminalGrou/bada4225/em_grompp/0000/2f6fdb01d20528c7cc295527609d2818": 1, "TerminalGrou/bada4225/initialize_s/0000/c6681e1b47f05f85e1a67ecdc8b00e68": 1, "TerminalGrou/bada4225/compress_gro/0000/b95b2d9d687c85cb1989c6af20dc6492": 1, "TerminalGrou/bada4225/mdrun_em/0000/ef64a56c0180c2abb327a43540f4b8b0": 1, "TerminalGrou/bada4225/nvt_equil_gr/0000/91a2fd7be3f98434ca224352ecf87e08": 1, "TerminalGrou/bada4225/shear_15nN_t/0000/2b0e42914c13b45916943f7ab967ca81": 1, "TerminalGrou/bada4225/mdrun_shear_/0000/60fe520c02260b8aa15fba2ef912e938": 1, "TerminalGrou/bada4225/shear_25nN_x/0000/ad7dfdeb9a37803f8239596b531d5e31": 1}, "COF": 0.11845725429386285}