{"intercept": 1.2404589276544022, "_status": {"TerminalGrou/b319e00f/calc_cof/0000/21d396553f4e33560da9f388adb721a4": 1, "TerminalGrou/b319e00f/mdrun_em/0000/74feb9e20338e0907cb39106c945a614": 1, "TerminalGrou/b319e00f/em_grompp/0000/285f80d0245759b3187007ac049d120b": 1, "TerminalGrou/b319e00f/shear_25nN_x/0000/effc3bfcc8188be2d79819cf64130543": 1, "TerminalGrou/b319e00f/mdrun_compre/0000/1ee311590dea6938fe32c28efe384b13": 1, "TerminalGrou/b319e00f/shear_25nN_g/0000/cda0d4884c14ef8430b21838abdbfc44": 1, "TerminalGrou/b319e00f/nvt_equil_gr/0000/7609b0c56d6b03b4e8bef7a1e594ef75": 1, "TerminalGrou/b319e00f/mdrun_shear_/0000/090fd88447f40cb9d3cf80791ea5e1b2": 1, "TerminalGrou/b319e00f/fix_overlaps/0000/22e1f66dffc982650cb96fd5c16aa99e": 1, "TerminalGrou/b319e00f/shear_5nN_gr/0000/d5d8463c5c1d86b1b111b7ce87f12438": 1, "TerminalGrou/b319e00f/lmp_to_gmx/0000/79047f5e618220f23906dfec02f1aea2": 1, "TerminalGrou/b319e00f/compress_gro/0000/5a21dfa04a5b1072743826f95f4beb53": 1, "TerminalGrou/b319e00f/shear_5nN_xt/0000/0421f91308c5d39ff47544c2a5499b9b": 1, "TerminalGrou/b319e00f/shear_15nN_t/0000/531a39a1ce1ee3d90cfd61bc874b13a3": 1, "TerminalGrou/b319e00f/calc_frictio/0000/60e483a1fe3228f70b6fa6c0d501bcb9": 1, "TerminalGrou/b319e00f/shear_15nN_x/0000/a579460f21f85c288b9dbbd5dd187d76": 1, "TerminalGrou/b319e00f/shear_25nN_t/0000/9aa9fc4986a6d54532e40f7ed5fb8416": 1, "TerminalGrou/b319e00f/mdrun_shear_/0000/d0b8b7b401b068020cc6fa575d0a2d0b": 1, "TerminalGrou/b319e00f/initialize_s/0000/992d2692e6f841330981060ff4644049": 1, "TerminalGrou/b319e00f/shear_5nN_tr/0000/2a394cc0a756b2aae470499bee062128": 1, "TerminalGrou/b319e00f/mdrun_shear_/0000/532c462af60822880eae34590d4941c0": 1, "TerminalGrou/b319e00f/shear_15nN_g/0000/c08c9c686e2fdcc88a8694aaa7aee601": 1, "TerminalGrou/b319e00f/mdrun_nvt/0000/eae48badc6da37034b62a56d52d164c3": 1}, "COF": 0.10620472482008654}