{"intercept": 2.0582080009920296, "_status": {"TerminalGrou/b43c0184/nvt_equil_gr/0000/e8a0fd8f87968416d9695b9af347277c": 1, "TerminalGrou/b43c0184/shear_15nN_g/0000/0352d3c66ebf3d8c685d408ceeb871c4": 1, "TerminalGrou/b43c0184/mdrun_em/0000/b3147adf1f250c914c849f6dc0fae571": 1, "TerminalGrou/b43c0184/lmp_to_gmx/0000/d23c96fa9aad8b75a2e3dec3f9384eca": 1, "TerminalGrou/b43c0184/shear_25nN_g/0000/d903249e0d5ca4cafe43cb63443d8d8b": 1, "TerminalGrou/b43c0184/mdrun_shear_/0000/fbffa176ef53f499ec0e70c6683a962c": 1, "TerminalGrou/b43c0184/mdrun_compre/0000/a2f2becd10d618aa14879460dced6b77": 1, "TerminalGrou/b43c0184/fix_overlaps/0000/2a0a8c2160c2bd81a232048689364e40": 1, "TerminalGrou/b43c0184/shear_5nN_xt/0000/03c01ac8fbfc784115b696027195f88d": 1, "TerminalGrou/b43c0184/shear_15nN_x/0000/865fc639b3bcfc00dc3d77a7afbeeb5e": 1, "TerminalGrou/b43c0184/initialize_s/0000/ed828e6406e2faac0194e42abc19bab8": 1, "TerminalGrou/b43c0184/compress_gro/0000/5b68da21f1ec3218ca663bec26f7614c": 1, "TerminalGrou/b43c0184/shear_15nN_t/0000/488c514db82d5265c7bac53373bdb705": 1, "TerminalGrou/b43c0184/calc_frictio/0000/fd9f352a07cce1eff0dd930e11cc0f30": 1, "TerminalGrou/b43c0184/em_grompp/0000/7df5adb394cd670bdf9ff9dbef1a42ad": 1, "TerminalGrou/b43c0184/shear_5nN_gr/0000/3d8671a36241170632ecde3c19e96d21": 1, "TerminalGrou/b43c0184/shear_25nN_x/0000/80e240199d331799509d3d2499e2f913": 1, "TerminalGrou/b43c0184/mdrun_nvt/0000/c03780aeb61ea8aa7b36c6bf87335ab2": 1, "TerminalGrou/b43c0184/mdrun_shear_/0000/e91dadc8eda8b33c33d4afcb067502d4": 1, "TerminalGrou/b43c0184/mdrun_shear_/0000/c15a45a3c30905e6618a07af9469d1a8": 1, "TerminalGrou/b43c0184/shear_25nN_t/0000/6e801a130c50eb5163a3398a0f7c90c1": 1, "TerminalGrou/b43c0184/shear_5nN_tr/0000/fa385343fa8c9aa6f69eac7aa626108b": 1, "TerminalGrou/b43c0184/calc_cof/0000/eab05dad9a87596f41af9dad5c5e6782": 1}, "COF": 0.13440138454563016}