{"intercept": 1.2097795298497278, "_status": {"TerminalGrou/c5e902c9/initialize_s/0000/ed331d2e1ff5b6dabe395e53907b5194": 1, "TerminalGrou/c5e902c9/shear_15nN_x/0000/4041e12bf88a8b1b30796d9adf6f0311": 1, "TerminalGrou/c5e902c9/fix_overlaps/0000/0631d6b54b2dc052bc62edfbe0309c43": 1, "TerminalGrou/c5e902c9/calc_frictio/0000/5ac629f3768e6c7191bd6094885e3b09": 1, "TerminalGrou/c5e902c9/shear_25nN_x/0000/3ae258c70b95ed778055fb1e56bef631": 1, "TerminalGrou/c5e902c9/mdrun_shear_/0000/e82c76357634d8c52cf8968bb7ba2fdd": 1, "TerminalGrou/c5e902c9/em_grompp/0000/49bff010117c40519f1e27abf2ee8611": 1, "TerminalGrou/c5e902c9/mdrun_nvt/0000/86087d5e4201b122ed875161e411eb17": 1, "TerminalGrou/c5e902c9/shear_15nN_g/0000/836e72443d7f19b019adf777454fe98e": 1, "TerminalGrou/c5e902c9/shear_25nN_t/0000/79133d6b42d75aa3302cd87b15d97f21": 1, "TerminalGrou/c5e902c9/compress_gro/0000/f3ffd15c66f076d0fc1aab27815a8d79": 1, "TerminalGrou/c5e902c9/shear_5nN_xt/0000/9bdb5781cae2e6329523047a1a4b5982": 1, "TerminalGrou/c5e902c9/nvt_equil_gr/0000/ca3e4bf9599a8e55d63d893b6d4b3467": 1, "TerminalGrou/c5e902c9/mdrun_shear_/0000/b356bbca4e4f8da7f5cf330f201f5947": 1, "TerminalGrou/c5e902c9/calc_cof/0000/c0ec2f2e3210f38efa9caf54c16072b0": 1, "TerminalGrou/c5e902c9/mdrun_em/0000/15bcefd5f261a27d8f435116f3ddc312": 1, "TerminalGrou/c5e902c9/shear_25nN_g/0000/8445d5c8029279c21094fd93a72a27fb": 1, "TerminalGrou/c5e902c9/shear_5nN_tr/0000/89aacf07e4e28339f2ff325517bbf0d1": 1, "TerminalGrou/c5e902c9/shear_15nN_t/0000/0d6f3aeef5012c579966f5f4d48c3fe0": 1, "TerminalGrou/c5e902c9/mdrun_compre/0000/e28a970a14e1772f46fa0357011104c8": 1, "TerminalGrou/c5e902c9/shear_5nN_gr/0000/b13cecb2db0a0e6377d13b1964a68997": 1, "TerminalGrou/c5e902c9/lmp_to_gmx/0000/d131801ac66e9d778441335699ef43e3": 1, "TerminalGrou/c5e902c9/mdrun_shear_/0000/b225dc61296a5f63d842c599bf4bc5fe": 1}, "COF": 0.17555750795895997}