{"intercept": 0.9050233742089264, "_status": {"TerminalGrou/ad13c838/shear_5nN_gr/0000/6a61c4bb551da3bf111f8b85e3f025e9": 1, "TerminalGrou/ad13c838/shear_25nN_g/0000/b8cb04c4c9cfc3634f306713dc758ca7": 1, "TerminalGrou/ad13c838/mdrun_shear_/0000/1305e376ad4ddc501ac8fdd71184e933": 1, "TerminalGrou/ad13c838/shear_25nN_t/0000/dccf81c055bb90a726144aa586257bf7": 1, "TerminalGrou/ad13c838/mdrun_compre/0000/bab2475fea7193582c42b5c2de27c358": 1, "TerminalGrou/ad13c838/compress_gro/0000/7c4edf5e2db8ed9002849370c95eb18e": 1, "TerminalGrou/ad13c838/mdrun_nvt/0000/cf02df8fc12da6c8e6612fadd5ce60c8": 1, "TerminalGrou/ad13c838/fix_overlaps/0000/eb738ee8e9049be1244fcb119703d699": 1, "TerminalGrou/ad13c838/shear_5nN_tr/0000/95e07f04848ea019d4f94905f622277c": 1, "TerminalGrou/ad13c838/mdrun_shear_/0000/011db01d39d8fdc7ae745acd5a6b69a8": 1, "TerminalGrou/ad13c838/shear_15nN_g/0000/dd1f43561d23a89321fdb4876a3965a4": 1, "TerminalGrou/ad13c838/initialize_s/0000/11d5394917061872623ad401c454e29b": 1, "TerminalGrou/ad13c838/shear_5nN_xt/0000/a57537bc3557bab59dc25441f55587e3": 1, "TerminalGrou/ad13c838/em_grompp/0000/c5f0d3262ce5023071c72f0d28b0e31a": 1, "TerminalGrou/ad13c838/shear_15nN_x/0000/a9862c4c1d022835ece925e41d3e5486": 1, "TerminalGrou/ad13c838/shear_15nN_t/0000/5485496a78f45eb1f37c0aa86f527454": 1, "TerminalGrou/ad13c838/mdrun_shear_/0000/cd5f154d1c6e0620e3d9d7fb9b9ba2d6": 1, "TerminalGrou/ad13c838/shear_25nN_x/0000/87854f120204896215ea4e724edebe03": 1, "TerminalGrou/ad13c838/mdrun_em/0000/6dfba3c7f201ff14ecdcb8f77ed393ca": 1, "TerminalGrou/ad13c838/calc_frictio/0000/81a7f1f38f0923b7b99fd586efff9f80": 1, "TerminalGrou/ad13c838/calc_cof/0000/3475605ccbe8d31623d03369a87bf8e6": 1, "TerminalGrou/ad13c838/nvt_equil_gr/0000/ec455d8e41983bafec168704f64cfdec": 1, "TerminalGrou/ad13c838/lmp_to_gmx/0000/9a5c33cd260479976abe90f25f64344b": 1}, "COF": 0.14368463800900944}