{"intercept": 0.9319910153958391, "_status": {"TerminalGrou/c743d82b/shear_5nN_xt/0000/7efdceef6d3cfc7ee89fa3b55d7edc71": 1, "TerminalGrou/c743d82b/compress_gro/0000/24648b5e2c54d5ce3fdbf514737e7399": 1, "TerminalGrou/c743d82b/shear_5nN_tr/0000/9cef38a259d9e99d1a257e5fb732f784": 1, "TerminalGrou/c743d82b/fix_overlaps/0000/a7d3f6a4e18044e947a3f56cff62affb": 1, "TerminalGrou/c743d82b/mdrun_em/0000/855bb797f6f9305d3a93f900216bb21c": 1, "TerminalGrou/c743d82b/shear_15nN_t/0000/c8ac68d3ffd223bb8daa88abd79271d8": 1, "TerminalGrou/c743d82b/shear_25nN_g/0000/b5a9b53dd45161cc92bb0d66d5e9ae68": 1, "TerminalGrou/c743d82b/shear_25nN_t/0000/81d6c2c3118a1449d619f116ad0d3f12": 1, "TerminalGrou/c743d82b/mdrun_nvt/0000/63b657be07f8111e8de6ee0a11e9d50b": 1, "TerminalGrou/c743d82b/shear_15nN_g/0000/9fa0462ff4b41c733a7ba48d8e848ca0": 1, "TerminalGrou/c743d82b/mdrun_shear_/0000/c01855560c5aca48286ec7fbd77e385f": 1, "TerminalGrou/c743d82b/mdrun_shear_/0000/2fd39ab3cd22fba9cf7d306427a5460c": 1, "TerminalGrou/c743d82b/initialize_s/0000/e2c77c17e047b3d2f3943a96a812f78a": 1, "TerminalGrou/c743d82b/mdrun_compre/0000/96c7be4d771fa9779c72a5a870413678": 1, "TerminalGrou/c743d82b/mdrun_shear_/0000/b8c61470416ae9577a0d47094d4c895c": 1, "TerminalGrou/c743d82b/calc_frictio/0000/222f9380b30dea10564c48349d744c69": 1, "TerminalGrou/c743d82b/nvt_equil_gr/0000/bc0ef8ca9c386aea07d9b7f2b6f58421": 1, "TerminalGrou/c743d82b/shear_15nN_x/0000/3b0d548de0eff17f84345f21c09a5495": 1, "TerminalGrou/c743d82b/shear_25nN_x/0000/86a268c8a02cefee410fdae86511febb": 1, "TerminalGrou/c743d82b/em_grompp/0000/acc5f2be205e017d4df9aacbad492072": 1, "TerminalGrou/c743d82b/calc_cof/0000/4d911f9c7378909c19e3190fb66865b2": 1, "TerminalGrou/c743d82b/lmp_to_gmx/0000/a8865928404311b35d27a995fc38abbd": 1, "TerminalGrou/c743d82b/shear_5nN_gr/0000/f32a243431ef287525dacdf66cf285e0": 1}, "COF": 0.12075279971584814}