{"intercept": 0.20640515309796514, "_status": {"TerminalGrou/56938864/shear_25nN_x/0000/ac7af0605b856b988aca2c270640cd0a": 1, "TerminalGrou/56938864/mdrun_shear_/0000/7f6630f24e5f6919c8789a5195003c86": 1, "TerminalGrou/56938864/mdrun_compre/0000/10896c8b9d61618ef11285909c6faaa7": 1, "TerminalGrou/56938864/mdrun_em/0000/d7ae903d8e5e5c7f15d5e969270e9ed0": 1, "TerminalGrou/56938864/mdrun_nvt/0000/8ca0c2babc9de7dff9684eeb8cc7895f": 1, "TerminalGrou/56938864/shear_25nN_g/0000/24a46c548cae9f790eb58e4cd2629771": 1, "TerminalGrou/56938864/shear_15nN_g/0000/f6f584a43aa98f766c497bfd00e319b5": 1, "TerminalGrou/56938864/calc_frictio/0000/9c2a57587ea7eae714b780ceb673aaf7": 1, "TerminalGrou/56938864/lmp_to_gmx/0000/78665dc02bac1672f656e1edc3de63ab": 1, "TerminalGrou/56938864/mdrun_shear_/0000/e47e802a936bb9efdcb67962d6c78633": 1, "TerminalGrou/56938864/shear_15nN_x/0000/50cebfcfa7779ccec70ef7c1c8c90561": 1, "TerminalGrou/56938864/calc_cof/0000/d863c9e9e9e98a4e9b41b99272cdfd35": 1, "TerminalGrou/56938864/shear_5nN_tr/0000/61809074b4f31956a3cd7038350eaa73": 1, "TerminalGrou/56938864/nvt_equil_gr/0000/312d3ff50b2e86e0d304da83c7f8bbc5": 1, "TerminalGrou/56938864/shear_5nN_gr/0000/64dbd88aa01a01908102846ad9ec48f6": 1, "TerminalGrou/56938864/mdrun_shear_/0000/23abe60e96cc16d8955f3981ec8953f4": 1, "TerminalGrou/56938864/initialize_s/0000/033ad277a020adfd9b89ac9f62330f48": 1, "TerminalGrou/56938864/compress_gro/0000/eefc5a55ee061e72f7e2685aa467dee0": 1, "TerminalGrou/56938864/em_grompp/0000/65d34985ab04f9b1efce453347a2aabc": 1, "TerminalGrou/56938864/shear_25nN_t/0000/7fef0c14ae0bbcc650d658f7a2326b45": 1, "TerminalGrou/56938864/shear_5nN_xt/0000/41fc0baeb54809cb3ddb360cfc2df5e4": 1, "TerminalGrou/56938864/shear_15nN_t/0000/fe4d7f88fe30376b662eff6a936ae9c9": 1, "TerminalGrou/56938864/fix_overlaps/0000/99ca188e787dc1882ac3dde5944247d3": 1}, "COF": 0.1430369606497476}