{"intercept": 0.991734415632687, "_status": {"TerminalGrou/94b30ceb/mdrun_compre/0000/b81cb5e7dc7fa3c8067f5b6fb959d4f0": 1, "TerminalGrou/94b30ceb/shear_15nN_g/0000/b3a8653b0d0a2e2c6747bf52b16b7253": 1, "TerminalGrou/94b30ceb/shear_25nN_g/0000/377366836652c68c27799d27c2067e80": 1, "TerminalGrou/94b30ceb/mdrun_shear_/0000/0b42d00e0af97f333bba25662b6d7530": 1, "TerminalGrou/94b30ceb/fix_overlaps/0000/70b439d0df295bb3b2e228b919042071": 1, "TerminalGrou/94b30ceb/nvt_equil_gr/0000/c8ede57fed99442a6175b0f95a6a88c8": 1, "TerminalGrou/94b30ceb/initialize_s/0000/8df00f3d56cb7280c2fbf5bc1bb6b603": 1, "TerminalGrou/94b30ceb/mdrun_em/0000/a0ad0d93cca78f4055d9969272ec727f": 1, "TerminalGrou/94b30ceb/mdrun_shear_/0000/374e3489c3979ef957ebc4a3a42d8f93": 1, "TerminalGrou/94b30ceb/calc_frictio/0000/a53b3247bc3e5b4e51d0c1cebd6fe186": 1, "TerminalGrou/94b30ceb/shear_15nN_x/0000/ab033bc0a5c0e28f56a7538a1aaec3c5": 1, "TerminalGrou/94b30ceb/shear_25nN_x/0000/d0b987a28ac8d69298db825b163e2591": 1, "TerminalGrou/94b30ceb/mdrun_shear_/0000/69ff92de49970c0bcf683063741f6106": 1, "TerminalGrou/94b30ceb/em_grompp/0000/66db19ac95de62b0daff8a9477ff945c": 1, "TerminalGrou/94b30ceb/lmp_to_gmx/0000/6ac1af6c40db8c42503546355a46bb5b": 1, "TerminalGrou/94b30ceb/mdrun_nvt/0000/bbef65e58b815f5a7512ebff70ef7e74": 1, "TerminalGrou/94b30ceb/shear_5nN_tr/0000/bb9de89a1e12f30ecacab701d50acd01": 1, "TerminalGrou/94b30ceb/shear_25nN_t/0000/a33c9fc49f5f26ad0a43322df0163d26": 1, "TerminalGrou/94b30ceb/compress_gro/0000/5d83ee0460baf9489bb335dfac5a4657": 1, "TerminalGrou/94b30ceb/calc_cof/0000/9fcc429ae2f44997fa56b2da88288e2c": 1, "TerminalGrou/94b30ceb/shear_5nN_xt/0000/dfb825b6722f522807294eefa578d677": 1, "TerminalGrou/94b30ceb/shear_5nN_gr/0000/259257c27a398cccd6400f1d13f006c6": 1, "TerminalGrou/94b30ceb/shear_15nN_t/0000/4ff38565b88218405ccd3f9063627fa8": 1}, "COF": 0.1341605944426362}