{"intercept": 0.8167742794290285, "_status": {"TerminalGrou/9ec71c3d/shear_25nN_x/0000/448100cae408d0a918e899f1da1bfd1b": 1, "TerminalGrou/9ec71c3d/mdrun_compre/0000/1ed5c21d931997cd616d149e712d8848": 1, "TerminalGrou/9ec71c3d/shear_5nN_gr/0000/50c30a05107fe8cdb546ce6de9e07d60": 1, "TerminalGrou/9ec71c3d/calc_cof/0000/7b6b8ab4dbc4cec1d5a6bab2c2a970b9": 1, "TerminalGrou/9ec71c3d/mdrun_nvt/0000/fb0a2c88b48a1ecc6498d3ec5e86ec35": 1, "TerminalGrou/9ec71c3d/initialize_s/0000/828f73ded943a387320a1c14aa85d2e0": 1, "TerminalGrou/9ec71c3d/lmp_to_gmx/0000/1acf4fa1078452b99b0084901760ff75": 1, "TerminalGrou/9ec71c3d/shear_5nN_xt/0000/94dacb8b421dfbddf50e8b881f860858": 1, "TerminalGrou/9ec71c3d/compress_gro/0000/e8f7de312631fdf2f19fb11d01826119": 1, "TerminalGrou/9ec71c3d/em_grompp/0000/c1befaa4129c3b4a5de117bb925b05c6": 1, "TerminalGrou/9ec71c3d/fix_overlaps/0000/d2fb01377022360f5df423f6a0b29edc": 1, "TerminalGrou/9ec71c3d/shear_25nN_t/0000/efce7d9db9e40b134be97ca13dda1bb8": 1, "TerminalGrou/9ec71c3d/shear_15nN_g/0000/2f8ccc295eb7f7c12b4bf1dd7af48739": 1, "TerminalGrou/9ec71c3d/shear_5nN_tr/0000/36c324aad35bc4f3d8ae0560e914aadc": 1, "TerminalGrou/9ec71c3d/mdrun_shear_/0000/7052e90ebc15079fcc57fbbe0561f3e5": 1, "TerminalGrou/9ec71c3d/shear_15nN_t/0000/345a382a5a6ecec1b12a736e4646e029": 1, "TerminalGrou/9ec71c3d/mdrun_em/0000/f34348d34709a7953b767b59d4e160fa": 1, "TerminalGrou/9ec71c3d/nvt_equil_gr/0000/c605235246641d96129d24c3e4a0e99f": 1, "TerminalGrou/9ec71c3d/shear_15nN_x/0000/ca1d1cd25efd40cc9d29538123c60114": 1, "TerminalGrou/9ec71c3d/mdrun_shear_/0000/a45dee1491fc45b116a97f6fbd9ee8dd": 1, "TerminalGrou/9ec71c3d/shear_25nN_g/0000/a39b30119813e15dfc4d8148114cd1d4": 1, "TerminalGrou/9ec71c3d/calc_frictio/0000/eb33b46244d5a65644af6c86373de089": 1, "TerminalGrou/9ec71c3d/mdrun_shear_/0000/478b0aca9e36b633b13483a7b5139c08": 1}, "COF": 0.14351978597524762}