{"intercept": 0.5836156068718674, "_status": {"TerminalGrou/f125ec1e/mdrun_shear_/0000/adb86227e75a4b0e13081ac7a380a29a": 1, "TerminalGrou/f125ec1e/shear_15nN_x/0000/82dd030bc2eb1d7f7106086924976763": 1, "TerminalGrou/f125ec1e/shear_15nN_t/0000/080635b59364cbf02a431c3edaa17d5f": 1, "TerminalGrou/f125ec1e/mdrun_shear_/0000/c11d42f9244134356db10d508408de88": 1, "TerminalGrou/f125ec1e/shear_25nN_g/0000/a1195a53dd7d28a140a45237c72a05b4": 1, "TerminalGrou/f125ec1e/lmp_to_gmx/0000/773da41c800b6649025e230d2b999a39": 1, "TerminalGrou/f125ec1e/shear_5nN_tr/0000/20ef2e838ffe47e2599bb2a680dba486": 1, "TerminalGrou/f125ec1e/shear_5nN_xt/0000/1f2262054c0bd43ba16225f636b41ffa": 1, "TerminalGrou/f125ec1e/shear_25nN_x/0000/f04c95adad656e210acc95ed2336d2a8": 1, "TerminalGrou/f125ec1e/calc_frictio/0000/61b955ae9c36ef7a3fdaa431a5228e7d": 1, "TerminalGrou/f125ec1e/shear_15nN_g/0000/62a1c4b21495f1d352fff98d57c9c4b6": 1, "TerminalGrou/f125ec1e/initialize_s/0000/94524e95134fcad32c7bf69ea8a87e87": 1, "TerminalGrou/f125ec1e/em_grompp/0000/f1cd9f633116f8379ace032c01717e6b": 1, "TerminalGrou/f125ec1e/shear_5nN_gr/0000/15ee3bc9820d9c37dd7208c9be98475b": 1, "TerminalGrou/f125ec1e/compress_gro/0000/a3e123d47067c2cf9bb9a730e8e0eaf2": 1, "TerminalGrou/f125ec1e/calc_cof/0000/8426551b367a504644fc3e294c45ed10": 1, "TerminalGrou/f125ec1e/mdrun_shear_/0000/d901db1df3a50441273bbfb17c3644fb": 1, "TerminalGrou/f125ec1e/shear_25nN_t/0000/cd462720a070602360945bcb2eba08a9": 1, "TerminalGrou/f125ec1e/mdrun_nvt/0000/648aa9a76ae7926c8f247324dfada356": 1, "TerminalGrou/f125ec1e/mdrun_em/0000/5c05519ebf206f377ba060293974b6cf": 1, "TerminalGrou/f125ec1e/mdrun_compre/0000/75d071a38e011a46b66e2eb02f85af17": 1, "TerminalGrou/f125ec1e/nvt_equil_gr/0000/4d487b10e5691caf35aebdfacd788917": 1, "TerminalGrou/f125ec1e/fix_overlaps/0000/588b0f8d251680a7dae31a566782b7a7": 1}, "COF": 0.15490960166694878}