{"intercept": 0.5088740778790606, "_status": {"TerminalGrou/6233af6c/mdrun_em/0000/d0aaba9cd956ec4ff945634a17175002": 1, "TerminalGrou/6233af6c/shear_25nN_t/0000/424b44d41ceba7eb726df113d820fed6": 1, "TerminalGrou/6233af6c/calc_frictio/0000/1ebb7c383eb3a9bcc3f90f537f7295a0": 1, "TerminalGrou/6233af6c/compress_gro/0000/f6100219bbbed98868efae55b54ec0fc": 1, "TerminalGrou/6233af6c/fix_overlaps/0000/9adf5d3a260b3ad7c5d81ce18dd01239": 1, "TerminalGrou/6233af6c/shear_5nN_xt/0000/de135eee16e609adf332b2861ed37ec8": 1, "TerminalGrou/6233af6c/shear_5nN_gr/0000/1e5f8c9ea642498f450e9047d927abe5": 1, "TerminalGrou/6233af6c/shear_15nN_g/0000/1734c4f32f763a1340cc88179de187d3": 1, "TerminalGrou/6233af6c/initialize_s/0000/8f7365f9a03daa1a6180886905c6242e": 1, "TerminalGrou/6233af6c/mdrun_compre/0000/92594f8293be4a68c382b74c01da1e85": 1, "TerminalGrou/6233af6c/nvt_equil_gr/0000/6fd33a31a6ab848ed873aea3d474a529": 1, "TerminalGrou/6233af6c/shear_5nN_tr/0000/242f250df54e36d04b00c6ac007073b1": 1, "TerminalGrou/6233af6c/lmp_to_gmx/0000/60fc3b48279089bc74930f1e2175caca": 1, "TerminalGrou/6233af6c/mdrun_shear_/0000/66b2c52d2d5e768b2218de8824dfb418": 1, "TerminalGrou/6233af6c/mdrun_nvt/0000/ecd4b87f75ec7389fe0482ca2365e19a": 1, "TerminalGrou/6233af6c/shear_25nN_g/0000/50e06b6837095afb949490fd0e1531b2": 1, "TerminalGrou/6233af6c/shear_15nN_t/0000/0192b7c4ab94792bbfd89dd692b90a3b": 1, "TerminalGrou/6233af6c/calc_cof/0000/e6cd7f3030cda0150195a932a8b6f7bf": 1, "TerminalGrou/6233af6c/em_grompp/0000/8b6a7af211806edb49dcb47b6097f76d": 1, "TerminalGrou/6233af6c/shear_15nN_x/0000/a604ae29c1ec9be3116abe9fba8d74d8": 1, "TerminalGrou/6233af6c/mdrun_shear_/0000/d90351c45232b4f8ebb3efe8e2129114": 1, "TerminalGrou/6233af6c/shear_25nN_x/0000/9ee67e6a8b2ab094b1ef838335b0e45a": 1, "TerminalGrou/6233af6c/mdrun_shear_/0000/86d6364a40af30a52650ddcf12c352c6": 1}, "COF": 0.1416331952424102}