{"intercept": 0.20749153546343813, "_status": {"TerminalGrou/0f2f33be/shear_25nN_t/0000/6255055ec4dd955a14ba2ccffb32376a": 1, "TerminalGrou/0f2f33be/lmp_to_gmx/0000/af40ebab30e3285d57cd03646020aa82": 1, "TerminalGrou/0f2f33be/mdrun_compre/0000/caccb04913469f50d673144ee6404539": 1, "TerminalGrou/0f2f33be/shear_15nN_t/0000/060f9e38ea5445236a3fd62d1f596b46": 1, "TerminalGrou/0f2f33be/fix_overlaps/0000/0492bf4eb4bc3946fa9c3786926e45a0": 1, "TerminalGrou/0f2f33be/shear_15nN_g/0000/3438f8fdbae07b7b6c18df835696d3aa": 1, "TerminalGrou/0f2f33be/shear_15nN_x/0000/d686c73375b0a00f33da0399c091d930": 1, "TerminalGrou/0f2f33be/shear_25nN_x/0000/c25da83b97c6281d687148534ba108cb": 1, "TerminalGrou/0f2f33be/shear_25nN_g/0000/6330569bff039642b7bae65f98553c3d": 1, "TerminalGrou/0f2f33be/mdrun_shear_/0000/a8f857a9b965243593cccb2245e4d91c": 1, "TerminalGrou/0f2f33be/calc_frictio/0000/b68538f3d33c1bd9e15ee3e45b57c4bd": 1, "TerminalGrou/0f2f33be/shear_5nN_gr/0000/8a5e9841677b8cf95a3baaab892bcc8c": 1, "TerminalGrou/0f2f33be/shear_5nN_xt/0000/a1ca2f7fc20ff81915ab0452013948b8": 1, "TerminalGrou/0f2f33be/initialize_s/0000/4b322b140508e9eabc6750d5a90f7db8": 1, "TerminalGrou/0f2f33be/mdrun_shear_/0000/d0b6f8ec34cd73424ad1ad3baa253ed1": 1, "TerminalGrou/0f2f33be/mdrun_em/0000/8580a2c4a39b7af4f09c753dfffc4e0a": 1, "TerminalGrou/0f2f33be/calc_cof/0000/3bd103ebabc6fc70ff428c7a679e71ba": 1, "TerminalGrou/0f2f33be/nvt_equil_gr/0000/75b60a4251e3e960fd426ae6582f1ac5": 1, "TerminalGrou/0f2f33be/compress_gro/0000/2d0881d8973df3f686e03ab6a2542d17": 1, "TerminalGrou/0f2f33be/mdrun_nvt/0000/7b20e9db97c1841a0fd42fde42ca2758": 1, "TerminalGrou/0f2f33be/shear_5nN_tr/0000/d571f1651c6eb2340b1385ac118957f9": 1, "TerminalGrou/0f2f33be/mdrun_shear_/0000/84b08ecd66877830ff7ed19b269487da": 1, "TerminalGrou/0f2f33be/em_grompp/0000/ab27881818ee5ead61b854eeb3a62191": 1}, "COF": 0.1412586551881956}