{"intercept": 0.6228780042372661, "_status": {"TerminalGrou/2d7fd152/em_grompp/0000/c0d5f302c832fa44b9db7a0bf3ba9fac": 1, "TerminalGrou/2d7fd152/shear_15nN_g/0000/e5151bbb37be7c195ca4a2b0bea36ba1": 1, "TerminalGrou/2d7fd152/calc_frictio/0000/10f5c94a3e74ea1c9810b657e84ca057": 1, "TerminalGrou/2d7fd152/shear_5nN_xt/0000/6b3a05df2819155218d71dff37462cbf": 1, "TerminalGrou/2d7fd152/calc_cof/0000/fcd26e673ef4092bb5d671b2a556c9b7": 1, "TerminalGrou/2d7fd152/shear_15nN_t/0000/d000f3e41da956af256a715d80dd2f59": 1, "TerminalGrou/2d7fd152/mdrun_shear_/0000/c4e2bd17cfafb203fbec5ffd0aed21df": 1, "TerminalGrou/2d7fd152/fix_overlaps/0000/844bc0a1dbf9fe161e9cad89906dc54b": 1, "TerminalGrou/2d7fd152/shear_5nN_gr/0000/8f30ba4702a497d862cc776e936c225c": 1, "TerminalGrou/2d7fd152/initialize_s/0000/1888d7c32ae624372e63ea120f6a6f59": 1, "TerminalGrou/2d7fd152/shear_25nN_x/0000/9c9ec1cd770403286e3aa650d11fa3e6": 1, "TerminalGrou/2d7fd152/mdrun_em/0000/c51aa8aee7aae9806a3596fb4d76caa4": 1, "TerminalGrou/2d7fd152/shear_5nN_tr/0000/733262794fa5240cec33ff61bfabc7af": 1, "TerminalGrou/2d7fd152/mdrun_nvt/0000/f9838b52538177b3a1b145371a311be6": 1, "TerminalGrou/2d7fd152/lmp_to_gmx/0000/0621fe827f0d7944077194083a98201f": 1, "TerminalGrou/2d7fd152/shear_25nN_g/0000/d9300a92ce90819eeff90cbe9398ea68": 1, "TerminalGrou/2d7fd152/compress_gro/0000/f6c8020623ffa44ebff571556da362dc": 1, "TerminalGrou/2d7fd152/mdrun_compre/0000/0be68d899787e6b97ca5d39279a39bbf": 1, "TerminalGrou/2d7fd152/mdrun_shear_/0000/baddc4d88c433c3875c595687913a67f": 1, "TerminalGrou/2d7fd152/nvt_equil_gr/0000/04ee41d3f87570738368486ebe0b0aac": 1, "TerminalGrou/2d7fd152/shear_25nN_t/0000/e265588d7ca514dbfc8971cb415daa28": 1, "TerminalGrou/2d7fd152/mdrun_shear_/0000/3dec5f9c64148f4bf2855311abbbe130": 1, "TerminalGrou/2d7fd152/shear_15nN_x/0000/0c1247380b487de1d0b82275fb0e978c": 1}, "COF": 0.1552346318589629}