{"intercept": 1.0679537434326734, "_status": {"TerminalGrou/93b73e8b/mdrun_shear_/0000/3e92d9f7a8f4405a49266f0921540464": 1, "TerminalGrou/93b73e8b/shear_5nN_gr/0000/1d2e1d63f987c39ec8ae7727f2eec2a7": 1, "TerminalGrou/93b73e8b/mdrun_nvt/0000/c373d2d7f4c46dd3c8bb8b7d63a79210": 1, "TerminalGrou/93b73e8b/shear_5nN_tr/0000/ead44d188859fdb667735cbcef521e83": 1, "TerminalGrou/93b73e8b/mdrun_em/0000/17b30d71f7e9e6236ade2f655ac13fd3": 1, "TerminalGrou/93b73e8b/mdrun_shear_/0000/eef4ea12fa4673c9e059177b4bdad1ed": 1, "TerminalGrou/93b73e8b/shear_15nN_g/0000/e02f3c5dfe70f60c9dcff9a4853418fd": 1, "TerminalGrou/93b73e8b/nvt_equil_gr/0000/b82218bb37e22f2983e527b8c4519fe5": 1, "TerminalGrou/93b73e8b/em_grompp/0000/547593a02e8b7e6cacb0b27243725f97": 1, "TerminalGrou/93b73e8b/mdrun_shear_/0000/33a6a2c9f4cec37626abbf6480266f81": 1, "TerminalGrou/93b73e8b/mdrun_compre/0000/07a7467130c278ab2de57c028c0e224b": 1, "TerminalGrou/93b73e8b/shear_25nN_t/0000/c45c804662a70d706257b3926171848d": 1, "TerminalGrou/93b73e8b/initialize_s/0000/5d4a6c720d9f54a05cd12a59706210f8": 1, "TerminalGrou/93b73e8b/shear_25nN_g/0000/0b3a2aafc5f342f594e460d3614f192d": 1, "TerminalGrou/93b73e8b/fix_overlaps/0000/3419d5508b73872a80354c41a227068d": 1, "TerminalGrou/93b73e8b/calc_cof/0000/0e2a7adc48dfa6cc8434c6df631628c5": 1, "TerminalGrou/93b73e8b/shear_15nN_t/0000/45c0f9dc85364e61c69e88590da8b9c5": 1, "TerminalGrou/93b73e8b/shear_25nN_x/0000/313372d48eec8f5cee7e48894c92e136": 1, "TerminalGrou/93b73e8b/calc_frictio/0000/04fe45027bccc1e7d3fd7cb77b1f3156": 1, "TerminalGrou/93b73e8b/lmp_to_gmx/0000/885c937e0e7e16e9cbb5c7c593935990": 1, "TerminalGrou/93b73e8b/shear_15nN_x/0000/8b52d3bd78078db6b4c9d633fd9fe0e9": 1, "TerminalGrou/93b73e8b/shear_5nN_xt/0000/a9e0f700c47875f3c699d10d61dbc52c": 1, "TerminalGrou/93b73e8b/compress_gro/0000/111b4a1c500a4e588097e7deae1fba8a": 1}, "COF": 0.1393330222359428}