{"intercept": 4.074029231220541, "_status": {"TerminalGrou/229774ca/shear_5nN_xt/0000/9e657e6aab1274487c78ee16f772d81f": 1, "TerminalGrou/229774ca/calc_cof/0000/b43f0865ae19a38ec264669d40279d64": 1, "TerminalGrou/229774ca/em_grompp/0000/c84d23bf9f9c7ff722b44fa8dea5c626": 1, "TerminalGrou/229774ca/shear_25nN_t/0000/54a3ebbb81f2af8c399fc58da225a812": 1, "TerminalGrou/229774ca/nvt_equil_gr/0000/64c47c88929a890529dec7f2a16db5c7": 1, "TerminalGrou/229774ca/shear_5nN_tr/0000/6b4f03235d46054f44e32f3313bad1a5": 1, "TerminalGrou/229774ca/mdrun_em/0000/2a17e954bfe6f2ea822d4a4ee1188c1e": 1, "TerminalGrou/229774ca/initialize_s/0000/f6d219a01178f1fede429cae3a81387a": 1, "TerminalGrou/229774ca/shear_15nN_g/0000/fcd12fe27dd073b870f7586dec428115": 1, "TerminalGrou/229774ca/mdrun_nvt/0000/4d451c14eddba419430a0f5eba6abec2": 1, "TerminalGrou/229774ca/lmp_to_gmx/0000/ede71aebe7eab2f4de63b9b37f212135": 1, "TerminalGrou/229774ca/shear_15nN_x/0000/d96ea86068f83b9df56459d6704a6c88": 1, "TerminalGrou/229774ca/fix_overlaps/0000/a1eb87f3b249d6f465981353c1f042dc": 1, "TerminalGrou/229774ca/compress_gro/0000/db3ee8817a05d6c3ed023e2a8ef66086": 1, "TerminalGrou/229774ca/shear_5nN_gr/0000/8a165f5b24aecd0280e64a650b589a3b": 1, "TerminalGrou/229774ca/calc_frictio/0000/92587d480131c31901ec7f2bc59a9b11": 1, "TerminalGrou/229774ca/mdrun_shear_/0000/15586ac41aa4e0a8f4ac480bdb09a9a0": 1, "TerminalGrou/229774ca/mdrun_shear_/0000/5b86423c6035984686e05e03243d97b2": 1, "TerminalGrou/229774ca/mdrun_shear_/0000/7f79678716e36f419f359d61742d3a88": 1, "TerminalGrou/229774ca/shear_25nN_x/0000/53a149f36641634eb713ab37f9dd3be3": 1, "TerminalGrou/229774ca/shear_15nN_t/0000/628f1f93aeada821c7ae6276a6044fe2": 1, "TerminalGrou/229774ca/shear_25nN_g/0000/97d76bce4be427f4b4d922c5bebd98a6": 1, "TerminalGrou/229774ca/mdrun_compre/0000/2d5f28f05d5781483b7b395bf80501c3": 1}, "COF": 0.12084778947340505}