{"intercept": 3.2516959260734133, "_status": {"TerminalGrou/985eaf98/mdrun_compre/0000/e8c5603d300126f08fad80b0aa78f171": 1, "TerminalGrou/985eaf98/mdrun_nvt/0000/58e7637080b8f8c7382be8d7f768459f": 1, "TerminalGrou/985eaf98/shear_15nN_x/0000/4ab82098d3348672920c1b4db41d3c8d": 1, "TerminalGrou/985eaf98/shear_5nN_tr/0000/301374cf6aa29dd295cab46e38f8e619": 1, "TerminalGrou/985eaf98/initialize_s/0000/ad5365bbf5d0138a286a88b1876a982f": 1, "TerminalGrou/985eaf98/nvt_equil_gr/0000/3059da82842d55258cacd7cecfe9fda9": 1, "TerminalGrou/985eaf98/shear_15nN_g/0000/4ecab3f6890c9f653347a62070429c3e": 1, "TerminalGrou/985eaf98/shear_15nN_t/0000/aeb64c243d9a1b4b6f7614cd32fa64db": 1, "TerminalGrou/985eaf98/mdrun_em/0000/68a6863dfa1521a71c6874913f2d7e7a": 1, "TerminalGrou/985eaf98/mdrun_shear_/0000/1e8cde9bf9183e3ffa54825570e06758": 1, "TerminalGrou/985eaf98/shear_25nN_g/0000/b9e9bb7fd2a0df1fd2a12ec611262934": 1, "TerminalGrou/985eaf98/mdrun_shear_/0000/41ae0f82ff64e4228ac48cbd0a68b4ba": 1, "TerminalGrou/985eaf98/shear_25nN_x/0000/dd2b1ede9b2ca59756e8874738dda1ac": 1, "TerminalGrou/985eaf98/shear_5nN_gr/0000/67e79a342894d10d90729c6eefc5ae33": 1, "TerminalGrou/985eaf98/compress_gro/0000/75418a267c6151caa176d68509a62e11": 1, "TerminalGrou/985eaf98/mdrun_shear_/0000/33ff991b6149a4d751b8454dd17fed3b": 1, "TerminalGrou/985eaf98/calc_frictio/0000/195be7517082e609743c0e4efdbe64ca": 1, "TerminalGrou/985eaf98/shear_25nN_t/0000/2ba87f6d79581c518253c7b101944b33": 1, "TerminalGrou/985eaf98/calc_cof/0000/367806429f1519144946e79915e458a9": 1, "TerminalGrou/985eaf98/em_grompp/0000/0e82092ed6104db29efacce17bb45ede": 1, "TerminalGrou/985eaf98/fix_overlaps/0000/9088992fb514661dfe28d715390b16d7": 1, "TerminalGrou/985eaf98/shear_5nN_xt/0000/de097c9d51e0ce835d32b2468d51baa1": 1, "TerminalGrou/985eaf98/lmp_to_gmx/0000/5ab48936672793b78f74260190b98f01": 1}, "COF": 0.1404828344913296}