{"intercept": 2.0605012232423188, "_status": {"TerminalGrou/6d4e2e2b/mdrun_em/0000/8f8775e5f23572c8fb0112099f9f0fa5": 1, "TerminalGrou/6d4e2e2b/calc_cof/0000/536f6990c7ad377f748614ba9bcef2ab": 1, "TerminalGrou/6d4e2e2b/shear_5nN_gr/0000/58b4b846d4dfef102bcfccceb1d07b78": 1, "TerminalGrou/6d4e2e2b/shear_5nN_xt/0000/037792b63050c9eaa5eb24e8f5dbb37b": 1, "TerminalGrou/6d4e2e2b/shear_5nN_tr/0000/b6ba70230cae995708641b8912f87840": 1, "TerminalGrou/6d4e2e2b/compress_gro/0000/32ee2edcac4e3a21bebeb576dcb9f20a": 1, "TerminalGrou/6d4e2e2b/mdrun_shear_/0000/01f2e48a3b418433b27fe325f145d3f1": 1, "TerminalGrou/6d4e2e2b/initialize_s/0000/d42b74be5167e1af72c2aafdce40fdd5": 1, "TerminalGrou/6d4e2e2b/mdrun_shear_/0000/94af49d76a7af52a0df12a48d0f223c3": 1, "TerminalGrou/6d4e2e2b/mdrun_nvt/0000/39ae6c930dbbb7cf6867d0e85b797219": 1, "TerminalGrou/6d4e2e2b/mdrun_compre/0000/587eca235e344912e23598cd5d1f7bb2": 1, "TerminalGrou/6d4e2e2b/calc_frictio/0000/b366af6999b923bb99403a448e559f08": 1, "TerminalGrou/6d4e2e2b/fix_overlaps/0000/d6c087664ece9124166aeb47120d4e94": 1, "TerminalGrou/6d4e2e2b/lmp_to_gmx/0000/4e0f14f696cb5b05a90d3b63a2eaeedc": 1, "TerminalGrou/6d4e2e2b/shear_25nN_g/0000/bec55a2e110bc45b358fb9b32000c7bd": 1, "TerminalGrou/6d4e2e2b/shear_15nN_x/0000/41a1023103df554bcdb367966b8c3510": 1, "TerminalGrou/6d4e2e2b/shear_25nN_x/0000/85a7f488107a2b41440dcdd66bdc9233": 1, "TerminalGrou/6d4e2e2b/shear_15nN_t/0000/775cd2518170249aec39bdda36ae5a46": 1, "TerminalGrou/6d4e2e2b/shear_15nN_g/0000/825b560677e749d4046b179d97380b13": 1, "TerminalGrou/6d4e2e2b/mdrun_shear_/0000/7e0ad909b76cd4688025bb3fd58ba40b": 1, "TerminalGrou/6d4e2e2b/nvt_equil_gr/0000/d1e3fe3678c3d60cd50c7857f289adb6": 1, "TerminalGrou/6d4e2e2b/em_grompp/0000/1f8063f176410ac893a648295644e618": 1, "TerminalGrou/6d4e2e2b/shear_25nN_t/0000/36384c0c017868499b3a5180f31f1f34": 1}, "COF": 0.12937739864376044}