{"intercept": 6.0782406097939266, "_status": {"TerminalGrou/02f8d442/mdrun_shear_/0000/960d76d3bb92488dd6a84693059a8f36": 1, "TerminalGrou/02f8d442/nvt_equil_gr/0000/3d3149c46e306cfdc63167f0f2eeac4a": 1, "TerminalGrou/02f8d442/shear_5nN_tr/0000/352af8904095690805944acd9ada8b8b": 1, "TerminalGrou/02f8d442/calc_frictio/0000/00572df62ec02a8f5acc50a73247de31": 1, "TerminalGrou/02f8d442/mdrun_nvt/0000/b74efb00266020782efc2918536f75da": 1, "TerminalGrou/02f8d442/shear_15nN_g/0000/e6a5f97798e01c811349832bafcf8345": 1, "TerminalGrou/02f8d442/mdrun_shear_/0000/5e64bd73957f25fe5504c1dfb07c38a7": 1, "TerminalGrou/02f8d442/initialize_s/0000/1e1f0a148e0e76a2f6cfd805de9ef364": 1, "TerminalGrou/02f8d442/em_grompp/0000/a48ef36d92c86f971420a2f8b63992f4": 1, "TerminalGrou/02f8d442/lmp_to_gmx/0000/df4f5bda11d442da843e086b4e7b19d4": 1, "TerminalGrou/02f8d442/mdrun_em/0000/ef381f16f4d43b6f95a6f55df47bef87": 1, "TerminalGrou/02f8d442/shear_5nN_gr/0000/af38cf6422dfcb13b8db260262c5b706": 1, "TerminalGrou/02f8d442/calc_cof/0000/e8fda64f0bdec161f6a3a9b24043f15b": 1, "TerminalGrou/02f8d442/mdrun_shear_/0000/09ff9c851ce45262348be5f62bebb2ea": 1, "TerminalGrou/02f8d442/mdrun_compre/0000/00d9019fda82a671f153d8a3921c97ec": 1, "TerminalGrou/02f8d442/shear_15nN_x/0000/35783e6c7e99ae4417a0c8048c82f727": 1, "TerminalGrou/02f8d442/shear_25nN_x/0000/f9fa1eb96def3b3f7f5414ea5a561bad": 1, "TerminalGrou/02f8d442/fix_overlaps/0000/56cb9c8c89d9731ce25f039b6622cfa8": 1, "TerminalGrou/02f8d442/shear_5nN_xt/0000/87a4ab3cc6545cb9abd48f359da23f5a": 1, "TerminalGrou/02f8d442/shear_15nN_t/0000/7c52c39dea6d83b4bf34d0b6c129e075": 1, "TerminalGrou/02f8d442/compress_gro/0000/b351000f1b8afd968459db73be296414": 1, "TerminalGrou/02f8d442/shear_25nN_t/0000/655d287f0de8d70cc99d67d005ae3652": 1, "TerminalGrou/02f8d442/shear_25nN_g/0000/2641a05a1adb5984de2e846ec18aaf57": 1}, "COF": 0.12068184057161419}