{"intercept": 1.0333078275192116, "_status": {"TerminalGrou/9f8e1164/shear_15nN_g/0000/c3d40c6f2cc0e65d785301e166ce2f42": 1, "TerminalGrou/9f8e1164/initialize_s/0000/7fa61d5f98ed4a98e7035606ac5da4ee": 1, "TerminalGrou/9f8e1164/calc_cof/0000/b47f3d4a655ffd2a614100cd0f33b4e2": 1, "TerminalGrou/9f8e1164/fix_overlaps/0000/61cc7c470772127b96339e72d9c01a88": 1, "TerminalGrou/9f8e1164/shear_25nN_x/0000/dfa5c08e12226fd66a13814a2be50c43": 1, "TerminalGrou/9f8e1164/mdrun_nvt/0000/aae7bfb4b64c1054c1b790f77dcff445": 1, "TerminalGrou/9f8e1164/shear_25nN_t/0000/46b5decf1a2c8e2189c82057c19f92a0": 1, "TerminalGrou/9f8e1164/lmp_to_gmx/0000/84867766665411a348b3b9eb26e8fada": 1, "TerminalGrou/9f8e1164/mdrun_em/0000/66b58c84c48c7756eebcf034e2d0fb08": 1, "TerminalGrou/9f8e1164/mdrun_shear_/0000/1a5a321895e37da2bdb9cac132897994": 1, "TerminalGrou/9f8e1164/nvt_equil_gr/0000/996697bb75da35101b86c6a938044eee": 1, "TerminalGrou/9f8e1164/shear_5nN_gr/0000/8053a4f259f9218ca353d28cb894485d": 1, "TerminalGrou/9f8e1164/shear_5nN_xt/0000/f490bd626cd21e853babbf2eb2d4b516": 1, "TerminalGrou/9f8e1164/mdrun_shear_/0000/261de7bc612313f6499ded26d01d58cd": 1, "TerminalGrou/9f8e1164/shear_15nN_t/0000/f78c495251c952ee77c0df3c5e2fa623": 1, "TerminalGrou/9f8e1164/mdrun_compre/0000/a4d10a70d2d124bd3023b33bacce2bb9": 1, "TerminalGrou/9f8e1164/shear_15nN_x/0000/61dd9830a0b1cea2354228a8d2975221": 1, "TerminalGrou/9f8e1164/shear_25nN_g/0000/0db03cdf0740f5f130da2dd28340ab44": 1, "TerminalGrou/9f8e1164/compress_gro/0000/ad80ac1d1a5f1f2c98bedf8d60fc329e": 1, "TerminalGrou/9f8e1164/shear_5nN_tr/0000/af9b3fb741b9bde205023a463aff7f1d": 1, "TerminalGrou/9f8e1164/mdrun_shear_/0000/405a0759cff06ef49b80fa556aa51c04": 1, "TerminalGrou/9f8e1164/em_grompp/0000/f4d5fa5c7522ec85f26f81393638aee9": 1, "TerminalGrou/9f8e1164/calc_frictio/0000/e1ac603811afd3198ebdc3764d77da71": 1}, "COF": 0.14077905184156056}