{"intercept": 0.8220254235608402, "_status": {"TerminalGrou/bfd6d956/mdrun_compre/0000/970edf8f71f90722833ac0972f5e765e": 1, "TerminalGrou/bfd6d956/mdrun_shear_/0000/93f9a75f75927cc190f3d6d15537cf6b": 1, "TerminalGrou/bfd6d956/shear_25nN_t/0000/22a302415b94a4103891c3a9cc2affd5": 1, "TerminalGrou/bfd6d956/shear_5nN_gr/0000/db06ebc043d1ea1b42a129031f4a3ae6": 1, "TerminalGrou/bfd6d956/em_grompp/0000/83253195afb490ad5188f1788adcb97a": 1, "TerminalGrou/bfd6d956/shear_25nN_x/0000/a061b068824c941dc926e4048b9088fa": 1, "TerminalGrou/bfd6d956/nvt_equil_gr/0000/b61729ca39af9367af1aa730d502b047": 1, "TerminalGrou/bfd6d956/mdrun_nvt/0000/4a4853ad889cc66aa7070fdda41af801": 1, "TerminalGrou/bfd6d956/shear_15nN_g/0000/45ff8808abf5c2c7284601c1528bd2a4": 1, "TerminalGrou/bfd6d956/calc_frictio/0000/c7b1016314a0b014c7c925ad3629bcf6": 1, "TerminalGrou/bfd6d956/fix_overlaps/0000/0cb2b3eaed1ea415351ea671a1b6ea6f": 1, "TerminalGrou/bfd6d956/compress_gro/0000/017472465265004fc33b4ea6852db8bd": 1, "TerminalGrou/bfd6d956/calc_cof/0000/5696aa416eb52d01358b1aa7010ba169": 1, "TerminalGrou/bfd6d956/mdrun_em/0000/048781d760bcd9da1b1dbc86866138a0": 1, "TerminalGrou/bfd6d956/mdrun_shear_/0000/bad9a9a743c49b60f65a0efe6faa319f": 1, "TerminalGrou/bfd6d956/shear_15nN_x/0000/21881ef0adc7f363952c6e221caeace7": 1, "TerminalGrou/bfd6d956/lmp_to_gmx/0000/e311866d13c95b3f416e1a5d9ff6fe6b": 1, "TerminalGrou/bfd6d956/shear_15nN_t/0000/83122ba42e2a2b759304b02a2db2eb2c": 1, "TerminalGrou/bfd6d956/mdrun_shear_/0000/a8291c8aa071b36c3fa8a5b8fd12906f": 1, "TerminalGrou/bfd6d956/shear_25nN_g/0000/dcc888888289ed9050de4aef9cb625d1": 1, "TerminalGrou/bfd6d956/initialize_s/0000/da0ccda1fbb1423e3ffc82b7cb56c65d": 1, "TerminalGrou/bfd6d956/shear_5nN_xt/0000/5183ed6cb10d807eabb7b3ab36f03039": 1, "TerminalGrou/bfd6d956/shear_5nN_tr/0000/25c4d24108a22ca925b946fc1f331c95": 1}, "COF": 0.1496283355297504}