{"intercept": 2.4703611072566956, "_status": {"TerminalGrou/eb3841f1/shear_25nN_t/0000/955a763711bca88bbf4c86121e3fce29": 1, "TerminalGrou/eb3841f1/mdrun_shear_/0000/9c745d78393e776b06c0966102491f5a": 1, "TerminalGrou/eb3841f1/mdrun_compre/0000/1aa7baa97e0741f75ae86f4c128f2ccd": 1, "TerminalGrou/eb3841f1/mdrun_em/0000/c5781c035ac8e09e00d33203f21b8e1d": 1, "TerminalGrou/eb3841f1/shear_5nN_xt/0000/5e8f85068e83c9d654a50ca7ec59ff53": 1, "TerminalGrou/eb3841f1/mdrun_shear_/0000/90a00546d95eb43123191a84ba5c4193": 1, "TerminalGrou/eb3841f1/nvt_equil_gr/0000/49156887f246b5ca38647c0c2eaa7297": 1, "TerminalGrou/eb3841f1/shear_15nN_g/0000/d717bfc8843e9297b24beac7613fbb9b": 1, "TerminalGrou/eb3841f1/initialize_s/0000/eb95df4450de5ecfd817fe245f737213": 1, "TerminalGrou/eb3841f1/shear_5nN_gr/0000/3b54c3f7a08fb39009e40510424e0a97": 1, "TerminalGrou/eb3841f1/mdrun_shear_/0000/2d22131100ac16b7dd333b2b1cbbd541": 1, "TerminalGrou/eb3841f1/compress_gro/0000/1b5447dfaf87830b807156b4a864b856": 1, "TerminalGrou/eb3841f1/em_grompp/0000/f052232ee6cf3fe1d787bbc3933ce362": 1, "TerminalGrou/eb3841f1/shear_25nN_g/0000/3aac0f37c27e2faf8f586c2e2dbced7a": 1, "TerminalGrou/eb3841f1/mdrun_nvt/0000/f748a8285e1117810587a3adf770782b": 1, "TerminalGrou/eb3841f1/fix_overlaps/0000/045a026d120b49d000b63e6f681209b8": 1, "TerminalGrou/eb3841f1/calc_cof/0000/8b89f7473989d04c552bd51466e5f8b2": 1, "TerminalGrou/eb3841f1/calc_frictio/0000/bca2ef17d09075350d264f927195c072": 1, "TerminalGrou/eb3841f1/shear_25nN_x/0000/d8d2bc40ff8b50348fb861e018b518f9": 1, "TerminalGrou/eb3841f1/shear_5nN_tr/0000/51fd8fb9c8393a8f333b064a0ddde9dd": 1, "TerminalGrou/eb3841f1/shear_15nN_t/0000/4e80ddee65056971003710c39c924a1a": 1, "TerminalGrou/eb3841f1/shear_15nN_x/0000/cdb0f036f7aaa1764583bfbfc32d2425": 1, "TerminalGrou/eb3841f1/lmp_to_gmx/0000/2a31db52c2d860f2f52b4b8c323a6d56": 1}, "COF": 0.11088994947252453}