{"intercept": 0.831083889524324, "_status": {"TerminalGrou/b4e22f62/shear_5nN_xt/0000/82ee4fc9acaf39236d02f443a71951d5": 1, "TerminalGrou/b4e22f62/shear_25nN_x/0000/7c7a2c44e4133f9301a1cb652dd2c694": 1, "TerminalGrou/b4e22f62/shear_25nN_g/0000/0b31d3b458be5c6e9b9d62175da9d57f": 1, "TerminalGrou/b4e22f62/mdrun_shear_/0000/a803d106added665aadbc48d4000ee2a": 1, "TerminalGrou/b4e22f62/calc_frictio/0000/41229dad8fcb62253259c82b5c312dfc": 1, "TerminalGrou/b4e22f62/shear_15nN_g/0000/78e4bf8f661f32953d312ebd9198bdba": 1, "TerminalGrou/b4e22f62/em_grompp/0000/29372d15df476034634d436f613e7db3": 1, "TerminalGrou/b4e22f62/fix_overlaps/0000/5d1b41780e770259e9cfa85eb11569f7": 1, "TerminalGrou/b4e22f62/lmp_to_gmx/0000/712490ce036939a034ed727258c40468": 1, "TerminalGrou/b4e22f62/mdrun_compre/0000/345bc322f6176c32e64b2d5887a9d3e5": 1, "TerminalGrou/b4e22f62/shear_15nN_t/0000/29b57d2462e8373931c962115adbd7b4": 1, "TerminalGrou/b4e22f62/shear_5nN_tr/0000/4842fa450bace5a821d20c9266d1ac2c": 1, "TerminalGrou/b4e22f62/mdrun_shear_/0000/f4e920e89f35a976cb93db1cde5136a1": 1, "TerminalGrou/b4e22f62/calc_cof/0000/81520fffc81a4ab4fd7f17868e06ab64": 1, "TerminalGrou/b4e22f62/mdrun_nvt/0000/501c00b9f59f98a9ab663b38608fd0e0": 1, "TerminalGrou/b4e22f62/compress_gro/0000/87510184258bdf576e6126c29a212edf": 1, "TerminalGrou/b4e22f62/mdrun_shear_/0000/dbd42cab4f8b82e3fc01fed8dac2e25c": 1, "TerminalGrou/b4e22f62/shear_25nN_t/0000/f853738120248303be6efc2cc7df2c66": 1, "TerminalGrou/b4e22f62/mdrun_em/0000/3dab517339d92913aeb2be75042daaa3": 1, "TerminalGrou/b4e22f62/shear_5nN_gr/0000/711d0185cf1b8de16cae34f581543f17": 1, "TerminalGrou/b4e22f62/initialize_s/0000/01b678045e54929f03096033facacef0": 1, "TerminalGrou/b4e22f62/nvt_equil_gr/0000/ce23bdebb28873fbcb151c3995de3267": 1, "TerminalGrou/b4e22f62/shear_15nN_x/0000/7b28fbc79c94b4a5ff9d7b69b86bbc1d": 1}, "COF": 0.15772086197905494}