{"intercept": 0.26838402319243393, "_status": {"TerminalGrou/6f00ac56/shear_25nN_t/0000/a91d179c42b6a9db396c6204effdbb71": 1, "TerminalGrou/6f00ac56/calc_frictio/0000/389b7d6530a6c64af7901143dc8b1e19": 1, "TerminalGrou/6f00ac56/shear_5nN_tr/0000/8680f4de85eb9f457877702133db3c7d": 1, "TerminalGrou/6f00ac56/mdrun_shear_/0000/a7c5e8bc37359cb8422e5469673c0720": 1, "TerminalGrou/6f00ac56/shear_15nN_t/0000/ba3df985d7c2859779111417fa097c8c": 1, "TerminalGrou/6f00ac56/nvt_equil_gr/0000/40cb00d635dc6494476250dbdc6d8caf": 1, "TerminalGrou/6f00ac56/compress_gro/0000/e29474a5fe68e18062782e498743d15b": 1, "TerminalGrou/6f00ac56/shear_25nN_x/0000/c9d30d8c5f000528c57e9f8b3349fad2": 1, "TerminalGrou/6f00ac56/em_grompp/0000/5b45a5e6df05e537d4238b99a73cadb5": 1, "TerminalGrou/6f00ac56/fix_overlaps/0000/dac722d8393a19561cc3b1ae0680360e": 1, "TerminalGrou/6f00ac56/shear_5nN_xt/0000/955888f499877a3525f743de9d2359b7": 1, "TerminalGrou/6f00ac56/mdrun_shear_/0000/d47c6fe786b5d4c515e9cb6b2cb9bdad": 1, "TerminalGrou/6f00ac56/initialize_s/0000/9de5422615ff86f1702f66c3b6c2abc4": 1, "TerminalGrou/6f00ac56/calc_cof/0000/ac1a12478697d3670947f0f279294faa": 1, "TerminalGrou/6f00ac56/shear_5nN_gr/0000/892dcfa55b7f812c57d8816ddc0285bd": 1, "TerminalGrou/6f00ac56/mdrun_compre/0000/0f3bec8f2148a922c687364acc58cf38": 1, "TerminalGrou/6f00ac56/lmp_to_gmx/0000/ba1893f0317f8a74841de22e8cd2d861": 1, "TerminalGrou/6f00ac56/mdrun_nvt/0000/8cd692c300611a08e644b6be98956326": 1, "TerminalGrou/6f00ac56/shear_15nN_x/0000/b5233731df7cf807f9484a02ee9b2687": 1, "TerminalGrou/6f00ac56/mdrun_em/0000/5530fb3716079d611e8f6f512dc52480": 1, "TerminalGrou/6f00ac56/shear_25nN_g/0000/c3acebc9a14ff886c2c33996e7cdcb19": 1, "TerminalGrou/6f00ac56/mdrun_shear_/0000/fa41e9b781e96fd0148a650c70f77f30": 1, "TerminalGrou/6f00ac56/shear_15nN_g/0000/c6a38000f45d930865816865c9f3a89f": 1}, "COF": 0.1527322170482411}