{"intercept": 1.4898290838123125, "_status": {"TerminalGrou/dd791517/shear_5nN_tr/0000/0a3fa97f91f32dab5100a7e69c0f0f8e": 1, "TerminalGrou/dd791517/calc_cof/0000/3968b67fb3f688017d309b169e3f1e80": 1, "TerminalGrou/dd791517/shear_15nN_x/0000/f2c51fb546c3c160d9616e53e4c0616f": 1, "TerminalGrou/dd791517/shear_5nN_gr/0000/bc3743940e40a1518d7d43729af27e22": 1, "TerminalGrou/dd791517/initialize_s/0000/1d4aa569796cb10f0aad3e090e7ce83c": 1, "TerminalGrou/dd791517/shear_5nN_xt/0000/b9624cc312f5b264abef9719a4e07c44": 1, "TerminalGrou/dd791517/em_grompp/0000/348c5f7dab3f0394289a5f231e522f39": 1, "TerminalGrou/dd791517/lmp_to_gmx/0000/5c245f96a984fa4ba0eebe58fbd7b2f8": 1, "TerminalGrou/dd791517/shear_15nN_g/0000/5ad2fb9f8f9a86577f540deda4831856": 1, "TerminalGrou/dd791517/nvt_equil_gr/0000/51876a387052f1aa4eab1658726a68a7": 1, "TerminalGrou/dd791517/mdrun_shear_/0000/a9aa7215ac827cbcda582167ecb47699": 1, "TerminalGrou/dd791517/mdrun_nvt/0000/958ae348a5e8b1c040f4346f6d0a58c2": 1, "TerminalGrou/dd791517/fix_overlaps/0000/e8fd698b5478e24d59f98cbbedd9fa97": 1, "TerminalGrou/dd791517/calc_frictio/0000/948d737e5d2d6ec1346d3c83a0076178": 1, "TerminalGrou/dd791517/compress_gro/0000/f1ab06f0d335879e9d9d9672902b18e3": 1, "TerminalGrou/dd791517/shear_25nN_t/0000/001d2b81de02c644b28d1f89c5b92b99": 1, "TerminalGrou/dd791517/mdrun_shear_/0000/fe53d7837fcd60662b046065190254f3": 1, "TerminalGrou/dd791517/mdrun_compre/0000/a1423ac4430375e7261103c6b0924967": 1, "TerminalGrou/dd791517/shear_25nN_g/0000/729a3749fb32eb72b9c022f6f3aa88a5": 1, "TerminalGrou/dd791517/mdrun_em/0000/190437e62d17afd4a849ad9dd336ab4d": 1, "TerminalGrou/dd791517/mdrun_shear_/0000/e3750dcfe5ab38a177c13f29769bcad9": 1, "TerminalGrou/dd791517/shear_15nN_t/0000/6a0a99c369d3919069e0e962e5820055": 1, "TerminalGrou/dd791517/shear_25nN_x/0000/fdc7af33eff4f02177b719d8a0e01f82": 1}, "COF": 0.14794070840725052}