{"intercept": 0.8490967224461532, "_status": {"TerminalGrou/41947a57/calc_cof/0000/7c81e6863debd9d525dcf6a90ccc69b5": 1, "TerminalGrou/41947a57/shear_5nN_tr/0000/4946489ab0bcc4a39f59b7191b50b8fc": 1, "TerminalGrou/41947a57/nvt_equil_gr/0000/4dd659f270b4e6306328fcd2a4642051": 1, "TerminalGrou/41947a57/mdrun_shear_/0000/4ce3fd4106d0d98a761c4ef1dfebe35c": 1, "TerminalGrou/41947a57/mdrun_em/0000/3daa95bda5ae5d0de0a3f06092dec25d": 1, "TerminalGrou/41947a57/shear_15nN_x/0000/fc78a5597e6bc9954fd8ee70a91af915": 1, "TerminalGrou/41947a57/compress_gro/0000/e922bed34f780af8f05e7e1c06ed1385": 1, "TerminalGrou/41947a57/lmp_to_gmx/0000/fa32b3306ebb72288f588e032476eb3e": 1, "TerminalGrou/41947a57/initialize_s/0000/7e95d28209f8ad07e723136fbcfaf693": 1, "TerminalGrou/41947a57/mdrun_nvt/0000/ca7121208d1196431f107cace01ee352": 1, "TerminalGrou/41947a57/calc_frictio/0000/eba8037383286d5716b780bb471178aa": 1, "TerminalGrou/41947a57/shear_15nN_t/0000/0b8af6fbed9d0a2010b43b4e41e04435": 1, "TerminalGrou/41947a57/mdrun_shear_/0000/eaa4f6b9e027e388cab050236efb8151": 1, "TerminalGrou/41947a57/em_grompp/0000/f3673ec8d9a24e19ce357c01ea48966c": 1, "TerminalGrou/41947a57/shear_25nN_x/0000/572598ca641f79dd680221b524fe38ae": 1, "TerminalGrou/41947a57/shear_5nN_gr/0000/0baa8d2c8eeb879b20f88a7b58ad902a": 1, "TerminalGrou/41947a57/mdrun_compre/0000/4403779e7194b9b7ca1a76a2823e398f": 1, "TerminalGrou/41947a57/shear_15nN_g/0000/5121c8bcc496549de055411921785803": 1, "TerminalGrou/41947a57/shear_25nN_g/0000/59003daee8860b569f99ce463891259f": 1, "TerminalGrou/41947a57/shear_5nN_xt/0000/2dc68da83c621e9ac8ade421b43b208e": 1, "TerminalGrou/41947a57/shear_25nN_t/0000/10c607bfbb094a9abbe217224bc354a8": 1, "TerminalGrou/41947a57/mdrun_shear_/0000/6a592bcd4d1dc10b6d9291bb06b7d81a": 1, "TerminalGrou/41947a57/fix_overlaps/0000/efbc68e0a535e4b8e552156d7e29fee7": 1}, "COF": 0.11186692994657933}