{"intercept": 0.9042282058658659, "_status": {"TerminalGrou/f30355ea/mdrun_compre/0000/bd20b471fe3ff70f9131199759368672": 1, "TerminalGrou/f30355ea/shear_25nN_x/0000/595acd368597db1e67cc13fc5dbbbdf4": 1, "TerminalGrou/f30355ea/initialize_s/0000/0ca7fce6ce6e78e2845eb620488db708": 1, "TerminalGrou/f30355ea/mdrun_shear_/0000/d737f4090c491ab1bc3c2be267e11f21": 1, "TerminalGrou/f30355ea/calc_frictio/0000/c13721ba1c0d55f954f77d46ac9349b4": 1, "TerminalGrou/f30355ea/mdrun_shear_/0000/f87e8a6e75f9e0dba99771c4cc2132a3": 1, "TerminalGrou/f30355ea/shear_5nN_tr/0000/1039972b0ebf58e0c15a8d4b422265b2": 1, "TerminalGrou/f30355ea/shear_15nN_g/0000/2478885da36a2b317aca0d0aca41d6dd": 1, "TerminalGrou/f30355ea/shear_25nN_t/0000/7a07a55082e458226b2f1cc7c5cf7b18": 1, "TerminalGrou/f30355ea/shear_15nN_t/0000/e52f76389e8561b7f1ad48851f820df5": 1, "TerminalGrou/f30355ea/mdrun_shear_/0000/a87d2e8f3b763e1867c0417d77cac501": 1, "TerminalGrou/f30355ea/compress_gro/0000/0bec90fcb96c11f3761b64374fe15544": 1, "TerminalGrou/f30355ea/shear_25nN_g/0000/191f4b1765c05b56b5961a35d5f31001": 1, "TerminalGrou/f30355ea/lmp_to_gmx/0000/88e3cceba096a00b43f1a6d00e826bed": 1, "TerminalGrou/f30355ea/mdrun_nvt/0000/6f70d4d4c91a45f3939fab3927672572": 1, "TerminalGrou/f30355ea/shear_5nN_xt/0000/6d67104df32fd3984a969ad95a133536": 1, "TerminalGrou/f30355ea/em_grompp/0000/cdab327bdd26c0a0ef6dec3d94857e55": 1, "TerminalGrou/f30355ea/shear_5nN_gr/0000/403537d2a49f4561089774f5a715a478": 1, "TerminalGrou/f30355ea/nvt_equil_gr/0000/6f54d0834776c96033ea413eaf7cc699": 1, "TerminalGrou/f30355ea/mdrun_em/0000/afbcc766243a6c7472035e2a6dbb6ca8": 1, "TerminalGrou/f30355ea/calc_cof/0000/db2dd834e89e6b3720badb6baf8a5097": 1, "TerminalGrou/f30355ea/shear_15nN_x/0000/89a7ee9ea286446a4f42a52dde329d05": 1, "TerminalGrou/f30355ea/fix_overlaps/0000/9e0724075a3d854487825e5f367ec3dd": 1}, "COF": 0.14313786668844156}