{"intercept": 3.583102847286101, "_status": {"TerminalGrou/91ecc838/mdrun_shear_/0000/afe8e4f587fb044dbe9d46210c55660d": 1, "TerminalGrou/91ecc838/initialize_s/0000/eb9d826968f0eadf99a167db3c9887c7": 1, "TerminalGrou/91ecc838/compress_gro/0000/8ee17cf5044cb1c0bd93e83c2e15e7be": 1, "TerminalGrou/91ecc838/fix_overlaps/0000/cd99681aa490e45d60f01c9dad5132f9": 1, "TerminalGrou/91ecc838/mdrun_em/0000/2b70d5731f26212bca3550a582217b86": 1, "TerminalGrou/91ecc838/calc_frictio/0000/eab54263e26c1fa91c6830bf2774c5fe": 1, "TerminalGrou/91ecc838/calc_cof/0000/31d6bce3b13698b1412c6f0b7f15d6ea": 1, "TerminalGrou/91ecc838/shear_15nN_t/0000/604e1950c51fc772b8fe7bf2067801d9": 1, "TerminalGrou/91ecc838/shear_5nN_gr/0000/5579ac3569c57e0005a1ea62c550dfb2": 1, "TerminalGrou/91ecc838/shear_5nN_tr/0000/32e26ca8fd2238b3be67d595033f641d": 1, "TerminalGrou/91ecc838/shear_25nN_x/0000/a5221124792cb870f68f2c7fb1f8c41c": 1, "TerminalGrou/91ecc838/mdrun_nvt/0000/92233c273bd26c95225e09ed1f4eb3d2": 1, "TerminalGrou/91ecc838/mdrun_shear_/0000/a2386caead669180eae98080a680b200": 1, "TerminalGrou/91ecc838/shear_25nN_t/0000/0cc284b2b458616a19d3bbbce1dcd4d5": 1, "TerminalGrou/91ecc838/shear_15nN_x/0000/de4055f837ce9c72e256ffba275329fd": 1, "TerminalGrou/91ecc838/em_grompp/0000/a8e7405c70cd0489e8a9584cae986fa5": 1, "TerminalGrou/91ecc838/shear_15nN_g/0000/cd28dbba1580f71148bd64cc1c051551": 1, "TerminalGrou/91ecc838/mdrun_compre/0000/9dd68849e3011cd886baaec1c39731d2": 1, "TerminalGrou/91ecc838/shear_25nN_g/0000/83e042bd91fd7286bfb4e90a17631934": 1, "TerminalGrou/91ecc838/shear_5nN_xt/0000/783540eb5445e218cc054d33afb1ebc0": 1, "TerminalGrou/91ecc838/lmp_to_gmx/0000/0ac7802b46cb69924a05411fc1f70cf2": 1, "TerminalGrou/91ecc838/mdrun_shear_/0000/11c332c5a6b2cac57692a04f72248883": 1, "TerminalGrou/91ecc838/nvt_equil_gr/0000/3f9758f821b625793851aa3cde0c7b15": 1}, "COF": 0.1431810281956661}