{"intercept": 0.7746740395868925, "_status": {"TerminalGrou/15c60bf0/calc_cof/0000/80d85db7a7beebe8cefe25ee7f0837c2": 1, "TerminalGrou/15c60bf0/shear_25nN_t/0000/a73a1bd6b6fe96a11ee854120fe7fb5f": 1, "TerminalGrou/15c60bf0/mdrun_shear_/0000/d7f419e262b386fcb5b328e4d096bf21": 1, "TerminalGrou/15c60bf0/shear_5nN_xt/0000/5a9299e01ecd8d8e3ce76a47972d87e3": 1, "TerminalGrou/15c60bf0/shear_15nN_g/0000/2e4c14699bf457608c5668854086877b": 1, "TerminalGrou/15c60bf0/shear_15nN_x/0000/c0bbcbef489e60eebfec3e785992a3db": 1, "TerminalGrou/15c60bf0/mdrun_shear_/0000/36b12ea564e99b2d2f88c95bf398ef05": 1, "TerminalGrou/15c60bf0/calc_frictio/0000/0ea2108144154e4b54746a8fa725aacc": 1, "TerminalGrou/15c60bf0/shear_25nN_g/0000/74708cd4dda47f8de59be5cfa113cf81": 1, "TerminalGrou/15c60bf0/initialize_s/0000/e1542cefff7473ac0153ec2322f06509": 1, "TerminalGrou/15c60bf0/shear_15nN_t/0000/14d44e16bc189aeea30e94031551b230": 1, "TerminalGrou/15c60bf0/shear_5nN_tr/0000/3eee01638273ec91a0b214e27c676be9": 1, "TerminalGrou/15c60bf0/mdrun_nvt/0000/416b8381b49c49e3533bf4050ada1403": 1, "TerminalGrou/15c60bf0/mdrun_em/0000/608b76cf401e72bb6cf35e9385a96c94": 1, "TerminalGrou/15c60bf0/mdrun_shear_/0000/2e8f5f18c1fee53f603f9ee76fc90f83": 1, "TerminalGrou/15c60bf0/shear_5nN_gr/0000/1ddf6ce851f55c0e0838ca2b94e559c3": 1, "TerminalGrou/15c60bf0/mdrun_compre/0000/f4ad3725a2fa42fe5e740db95ecbe445": 1, "TerminalGrou/15c60bf0/nvt_equil_gr/0000/2298a35d929931992093edf486f8057a": 1, "TerminalGrou/15c60bf0/shear_25nN_x/0000/92e17e1a8632553f5a0f1e9efe0076b7": 1, "TerminalGrou/15c60bf0/compress_gro/0000/d862b5c377fa4eef93d18dfec64ebdb8": 1, "TerminalGrou/15c60bf0/fix_overlaps/0000/5ff3fc06716c58bed89660b85e398e95": 1, "TerminalGrou/15c60bf0/lmp_to_gmx/0000/349d5dd092d795286261154ddaade169": 1, "TerminalGrou/15c60bf0/em_grompp/0000/61a035c64716a7625f90a0da63066c8a": 1}, "COF": 0.15546406481343672}