{"intercept": 1.3002058737175255, "_status": {"TerminalGrou/8d9ae2fb/mdrun_nvt/0000/c1fb171d0b6a043e2c9b32a7c4afda59": 1, "TerminalGrou/8d9ae2fb/initialize_s/0000/c7ca945228c2f95cfa1aeb6f0b57ebab": 1, "TerminalGrou/8d9ae2fb/shear_15nN_t/0000/9f20fdc2d71df299cfa3a51cf3dc4639": 1, "TerminalGrou/8d9ae2fb/shear_5nN_gr/0000/7f995780d5b7832a062ea91862a7a989": 1, "TerminalGrou/8d9ae2fb/lmp_to_gmx/0000/b334f23547b64d5ad2dc27c2b60e4b30": 1, "TerminalGrou/8d9ae2fb/mdrun_shear_/0000/814a1b5d34ba0ee6f0bf6a58dcbd8573": 1, "TerminalGrou/8d9ae2fb/compress_gro/0000/04215c20401fff5e860959e0c4ec23dd": 1, "TerminalGrou/8d9ae2fb/shear_5nN_tr/0000/58ad500ff9026a59c1c38e3a30a64aaf": 1, "TerminalGrou/8d9ae2fb/mdrun_compre/0000/f205857d0a5e6d71a4bb4fa0bf3fb7bc": 1, "TerminalGrou/8d9ae2fb/fix_overlaps/0000/4b0de686a9bd30d24c1d4bf8817a4271": 1, "TerminalGrou/8d9ae2fb/calc_cof/0000/a98550f846589ee322e43fab7ef69dca": 1, "TerminalGrou/8d9ae2fb/shear_15nN_x/0000/af7dc989b9678cfa3c0318d4f86e80cd": 1, "TerminalGrou/8d9ae2fb/mdrun_em/0000/002cfaefd0a19328eaf05e25c6d27a4c": 1, "TerminalGrou/8d9ae2fb/shear_15nN_g/0000/c8340d178278e5f099d86e575f513198": 1, "TerminalGrou/8d9ae2fb/mdrun_shear_/0000/3a676425aae8af57f9cb8e4998d2b56a": 1, "TerminalGrou/8d9ae2fb/shear_25nN_g/0000/55feec2d3e5479dedc1883e05fa153b1": 1, "TerminalGrou/8d9ae2fb/shear_5nN_xt/0000/e540df8efb2a257fd60cbf920840a71f": 1, "TerminalGrou/8d9ae2fb/calc_frictio/0000/96af7a7a8cc3343fb4284cab73617cc4": 1, "TerminalGrou/8d9ae2fb/shear_25nN_x/0000/adb634af8f03f53a0186bbccf6d5ae04": 1, "TerminalGrou/8d9ae2fb/nvt_equil_gr/0000/9de2cedf48b35d7e4dbc1fbcc4f4b1b3": 1, "TerminalGrou/8d9ae2fb/em_grompp/0000/d3d28fbb30b65a10e9da27ef8dc49d87": 1, "TerminalGrou/8d9ae2fb/shear_25nN_t/0000/5690c9bb29d64105e2ff198281a413e7": 1, "TerminalGrou/8d9ae2fb/mdrun_shear_/0000/eb4e9a7f4197b1a2d0970bd056bb26c5": 1}, "COF": 0.12614256540418503}