{"intercept": 1.4389764919568404, "_status": {"TerminalGrou/b1bb1814/mdrun_shear_/0000/724b67539cd14fdf2e8757cb3d63a509": 1, "TerminalGrou/b1bb1814/lmp_to_gmx/0000/588937d8663b25205ab1080df246ce3b": 1, "TerminalGrou/b1bb1814/mdrun_compre/0000/11989a2ac33e98c10ef5ad3aa7219553": 1, "TerminalGrou/b1bb1814/shear_5nN_gr/0000/e81a007b35d2c4e4fca1542133b2606e": 1, "TerminalGrou/b1bb1814/mdrun_shear_/0000/ecaf93dfe52de16290e627baf0684d13": 1, "TerminalGrou/b1bb1814/mdrun_nvt/0000/9296120a04445147079a7d83fa73891a": 1, "TerminalGrou/b1bb1814/mdrun_em/0000/bf65a0d4eb4864d4b95c62b13ac365cc": 1, "TerminalGrou/b1bb1814/initialize_s/0000/d3bef3286df9c4a6d2f4bb10d5a3c51f": 1, "TerminalGrou/b1bb1814/shear_15nN_x/0000/4a0369851da5d979da2185341d45e7d9": 1, "TerminalGrou/b1bb1814/shear_5nN_tr/0000/3b19c7dcddecd7c8124f8a37817b30f9": 1, "TerminalGrou/b1bb1814/calc_frictio/0000/2950ee9d54466a1151a5d420a818e45e": 1, "TerminalGrou/b1bb1814/shear_15nN_t/0000/8d19eb61ce9f9362219585a70382b725": 1, "TerminalGrou/b1bb1814/calc_cof/0000/91ee54467412fc17999509821205c8ca": 1, "TerminalGrou/b1bb1814/em_grompp/0000/811aba35dd6227d15d01b0e55cefd7e7": 1, "TerminalGrou/b1bb1814/shear_25nN_g/0000/6ef8d0be04aa1201800ff73b7f53a4f4": 1, "TerminalGrou/b1bb1814/fix_overlaps/0000/59adc9e44671af824bb580abfee1c929": 1, "TerminalGrou/b1bb1814/shear_5nN_xt/0000/82d29cc16b5898b1ee68b1706040f250": 1, "TerminalGrou/b1bb1814/shear_15nN_g/0000/4b7b9a378570d12898ec7aba45afe99d": 1, "TerminalGrou/b1bb1814/nvt_equil_gr/0000/088a9dc2c7795565fb39437bdf2f03a0": 1, "TerminalGrou/b1bb1814/compress_gro/0000/d25345b40ea3d4b6763f91bb7d7bd606": 1, "TerminalGrou/b1bb1814/shear_25nN_x/0000/c71818cd12048b124884ed0509ff3ec2": 1, "TerminalGrou/b1bb1814/mdrun_shear_/0000/c071377f02e64fa2e7f3166e19c94383": 1, "TerminalGrou/b1bb1814/shear_25nN_t/0000/97ddafcb0d79f19a624326f561aa652a": 1}, "COF": 0.1208091257602376}