{"intercept": 2.041355798728998, "_status": {"TerminalGrou/c8820916/shear_15nN_x/0000/353f830a74db2c2544f12d40273da21c": 1, "TerminalGrou/c8820916/fix_overlaps/0000/a64f31334875e0986534fd2c62050dc7": 1, "TerminalGrou/c8820916/mdrun_compre/0000/9f2ecbfa0faa5bdffe0dbde06fe660ff": 1, "TerminalGrou/c8820916/compress_gro/0000/621950f591179a46f2b7d45be0a27be7": 1, "TerminalGrou/c8820916/mdrun_shear_/0000/e9a1b4d9eae69a3a4ba624f8441d50e2": 1, "TerminalGrou/c8820916/shear_15nN_t/0000/dcbfbf8441ecb06fbc051f594969a40c": 1, "TerminalGrou/c8820916/shear_5nN_tr/0000/1fc1b5f9afc6b9a42c027b4402a4dc58": 1, "TerminalGrou/c8820916/em_grompp/0000/5ffda0d5f544ff6b308661dcc975bc9c": 1, "TerminalGrou/c8820916/mdrun_shear_/0000/51821ac01075f2ebd3e50ee1bff66b68": 1, "TerminalGrou/c8820916/shear_15nN_g/0000/5c968f908d40c281009b0ffb31147838": 1, "TerminalGrou/c8820916/calc_frictio/0000/e93097390e212d51534cb696c1c02b50": 1, "TerminalGrou/c8820916/calc_cof/0000/d36e78f4099be439f19c6a3da0e09eab": 1, "TerminalGrou/c8820916/mdrun_nvt/0000/9778d35640202b227ed653ca4418784e": 1, "TerminalGrou/c8820916/lmp_to_gmx/0000/59de136ab66b23b07b650e06cb9bd643": 1, "TerminalGrou/c8820916/shear_5nN_xt/0000/3376363d92d89c0f686ddfef0ad9db35": 1, "TerminalGrou/c8820916/shear_25nN_t/0000/57100f5e0e3ed6de5fb878f550550623": 1, "TerminalGrou/c8820916/nvt_equil_gr/0000/d87d62ed67247778bb1db8aa0dfebf1d": 1, "TerminalGrou/c8820916/mdrun_shear_/0000/f69b0481c5a120cc89424927e04f3ed9": 1, "TerminalGrou/c8820916/shear_5nN_gr/0000/9342904c52338b75d2858324245af6d1": 1, "TerminalGrou/c8820916/shear_25nN_g/0000/b605dc9e819a7019037779128aefa377": 1, "TerminalGrou/c8820916/mdrun_em/0000/99b0bea46aeb21f4cecb383301291c7e": 1, "TerminalGrou/c8820916/shear_25nN_x/0000/6b8c93ca56ed637eefd08a83db90b253": 1, "TerminalGrou/c8820916/initialize_s/0000/b4881a96d4641ba0c38fcae30383ef0b": 1}, "COF": 0.12875486411922588}