{"intercept": 1.6504876373177955, "_status": {"TerminalGrou/664b0e39/mdrun_shear_/0000/e4da984ac727ff0e8c07811375b9fcc3": 1, "TerminalGrou/664b0e39/shear_5nN_xt/0000/f68761a6a79dcc4678f081eb826227e8": 1, "TerminalGrou/664b0e39/shear_25nN_x/0000/9dbc929555b1fbe34cd843545a6fe9bf": 1, "TerminalGrou/664b0e39/shear_25nN_g/0000/1bf8aa3faa60399cf6ff11fc2a640e7a": 1, "TerminalGrou/664b0e39/shear_5nN_gr/0000/704ae072c7dce504c2e697688f33fdaf": 1, "TerminalGrou/664b0e39/shear_15nN_x/0000/35e06c701d2d75d553ace8dde588b2d8": 1, "TerminalGrou/664b0e39/mdrun_em/0000/5019e4f61cc3b6c7c2b9606e73f91b6b": 1, "TerminalGrou/664b0e39/fix_overlaps/0000/2e21729a90ab9d4214426195e90a3016": 1, "TerminalGrou/664b0e39/calc_cof/0000/fd9dc3037c839ec6e6bff2d92efd7f13": 1, "TerminalGrou/664b0e39/calc_frictio/0000/790d5d1073d5efabb9214c76e076ef63": 1, "TerminalGrou/664b0e39/shear_15nN_g/0000/76018aa3f457ba89762d0052fc6c7d5d": 1, "TerminalGrou/664b0e39/em_grompp/0000/18dca961523c960f4029050472c30012": 1, "TerminalGrou/664b0e39/lmp_to_gmx/0000/5d20c86e2aba862c06784abcd6e1d37a": 1, "TerminalGrou/664b0e39/mdrun_nvt/0000/77a16cbbb988749d349adb1203b3b2c9": 1, "TerminalGrou/664b0e39/mdrun_shear_/0000/09bab5741ac6848c5f07acf20e483249": 1, "TerminalGrou/664b0e39/initialize_s/0000/0f6cc191732eeaf6c87b6b0d1dece4c2": 1, "TerminalGrou/664b0e39/nvt_equil_gr/0000/ce01528cd310ce8577b7467bd4f3b84f": 1, "TerminalGrou/664b0e39/shear_5nN_tr/0000/ad7bf5dfc0f73c3a909a5408ba98d1a3": 1, "TerminalGrou/664b0e39/compress_gro/0000/0e2abbb93777ea43889327994462b3b4": 1, "TerminalGrou/664b0e39/mdrun_shear_/0000/cdb6e89aa908f2849eec3a5b58621193": 1, "TerminalGrou/664b0e39/shear_15nN_t/0000/441a0fb64421d49a2f001606caf0ba0a": 1, "TerminalGrou/664b0e39/shear_25nN_t/0000/3bc0182d7469b6f1141aabc9f8f82c3c": 1, "TerminalGrou/664b0e39/mdrun_compre/0000/6fd05554516fd35f5de5e4ee82cdeb72": 1}, "COF": 0.12803165941091688}