{"intercept": 2.189373554739887, "_status": {"TerminalGrou/4d651537/mdrun_shear_/0000/6dd6d2be53221908be53f401fa1fa3b0": 1, "TerminalGrou/4d651537/shear_25nN_x/0000/f2e9187d3658c00722e7eb61a61807ef": 1, "TerminalGrou/4d651537/shear_5nN_gr/0000/cc7d060471574d40fb012ac8db65f10b": 1, "TerminalGrou/4d651537/initialize_s/0000/f511d1651f043f43864475475798dbf1": 1, "TerminalGrou/4d651537/mdrun_nvt/0000/72eb574bcc3ae9a650b02c216af12461": 1, "TerminalGrou/4d651537/mdrun_shear_/0000/8bf36ac59fa78897f0a42b1475ced5fd": 1, "TerminalGrou/4d651537/shear_15nN_x/0000/7a9d4043a12c4cd1a5c62db2399f9ef4": 1, "TerminalGrou/4d651537/lmp_to_gmx/0000/d1fea0bfcb3a99db99db023e887a9ab6": 1, "TerminalGrou/4d651537/shear_5nN_tr/0000/455a989e769860288259d68bedd9529e": 1, "TerminalGrou/4d651537/mdrun_em/0000/9c4cf2971f04386e964707ac74a5f445": 1, "TerminalGrou/4d651537/compress_gro/0000/8d09f36b60ed553e0f3077e0285d03cd": 1, "TerminalGrou/4d651537/fix_overlaps/0000/485f8c13c8ed916ac53f797e5fd167cf": 1, "TerminalGrou/4d651537/shear_5nN_xt/0000/342be61c4a0f32b64aaf1c02d30297df": 1, "TerminalGrou/4d651537/shear_15nN_g/0000/50dc445f54d7b829b4b6443dfd68e9df": 1, "TerminalGrou/4d651537/shear_25nN_g/0000/2b94d2fdfc387c6c6e3688617b081a05": 1, "TerminalGrou/4d651537/shear_15nN_t/0000/6a8bc06f44a0334410df15444bfc2c75": 1, "TerminalGrou/4d651537/calc_cof/0000/1c3f4f1ad61c2e338c512188f839b48e": 1, "TerminalGrou/4d651537/mdrun_shear_/0000/b3dc54055da7cfe84b2194dc803bd6ff": 1, "TerminalGrou/4d651537/nvt_equil_gr/0000/02628b79423a31cebc93bdc73b62739f": 1, "TerminalGrou/4d651537/shear_25nN_t/0000/9bed4562c25ec29c677114b8dd6ea757": 1, "TerminalGrou/4d651537/em_grompp/0000/210c00dcdcc2c8cfc64610cee1433cde": 1, "TerminalGrou/4d651537/mdrun_compre/0000/fdb28b125d6c106c006dd1cd84633015": 1, "TerminalGrou/4d651537/calc_frictio/0000/f8de0f822de70056bbf7642ca9a81fed": 1}, "COF": 0.13289711186350883}