{"intercept": 6.281407447495845, "_status": {"TerminalGrou/f7b797d3/mdrun_em/0000/0dacedff5fbfbb31b9db988cf288a846": 1, "TerminalGrou/f7b797d3/compress_gro/0000/95bfe70dbf0757dbffd0b3a2926d0224": 1, "TerminalGrou/f7b797d3/shear_15nN_t/0000/1c13fbd75ac766aef95dcc644877a8a1": 1, "TerminalGrou/f7b797d3/mdrun_shear_/0000/838b79654cc2c3debec8ac26b67934af": 1, "TerminalGrou/f7b797d3/em_grompp/0000/89f29585a3615b3e204e56cdad8fd87c": 1, "TerminalGrou/f7b797d3/mdrun_compre/0000/0e44d827d60718e9887f587f75d92485": 1, "TerminalGrou/f7b797d3/shear_25nN_x/0000/e0964fa4662aaab8d4133eb816e24f4e": 1, "TerminalGrou/f7b797d3/shear_5nN_gr/0000/2cb4528a00ff9d65d6c41532ff959429": 1, "TerminalGrou/f7b797d3/shear_15nN_g/0000/867b06000a7ea9c224c697079ce913a7": 1, "TerminalGrou/f7b797d3/mdrun_nvt/0000/1f31a500ec876031935d664f08f6bb33": 1, "TerminalGrou/f7b797d3/mdrun_shear_/0000/60de4755db580a965479a3acc5922e2e": 1, "TerminalGrou/f7b797d3/fix_overlaps/0000/b0f95ab08e01b3c312445984c3e09ea8": 1, "TerminalGrou/f7b797d3/shear_25nN_g/0000/c6cc969a3b5ef299cf4a056a1209c0dd": 1, "TerminalGrou/f7b797d3/shear_5nN_tr/0000/6fd0dfb2fcde8f27d3c0fc40702697fe": 1, "TerminalGrou/f7b797d3/shear_5nN_xt/0000/829e5a271de76bd8b6dae6fd6641d429": 1, "TerminalGrou/f7b797d3/shear_15nN_x/0000/1096c023be555979f4036b4056dca1e8": 1, "TerminalGrou/f7b797d3/initialize_s/0000/8d6eb2dd2f91dd9bdec8d6a1ac313130": 1, "TerminalGrou/f7b797d3/shear_25nN_t/0000/0d80010fccd7ea087ef900388aa4286b": 1, "TerminalGrou/f7b797d3/calc_frictio/0000/fa993bce488624b43a19f943a85d8597": 1, "TerminalGrou/f7b797d3/lmp_to_gmx/0000/45c83680fe219c7c44b2b11a0f8fe040": 1, "TerminalGrou/f7b797d3/nvt_equil_gr/0000/9818c761a60fbcd3d9564067937a081d": 1, "TerminalGrou/f7b797d3/mdrun_shear_/0000/65815c05206947eb9192622a0596d673": 1, "TerminalGrou/f7b797d3/calc_cof/0000/a04c96c291cae921bfc278e1a927bf30": 1}, "COF": 0.13013185790558313}