{"intercept": 5.394245062033811, "_status": {"TerminalGrou/ea049c8f/shear_5nN_tr/0000/55a2c5a825f5dd2e42fd80df498c6b0a": 1, "TerminalGrou/ea049c8f/em_grompp/0000/9006a80733a8701b4c0c633023bf258a": 1, "TerminalGrou/ea049c8f/shear_5nN_xt/0000/28b4304bd4599bf17052ef775d6b393a": 1, "TerminalGrou/ea049c8f/mdrun_shear_/0000/5bb0e0294c11d33b301493be1a476982": 1, "TerminalGrou/ea049c8f/shear_5nN_gr/0000/4c35196d985460442f70b7906e1fb675": 1, "TerminalGrou/ea049c8f/shear_25nN_t/0000/570851504524d7bdebe57efd8dafb488": 1, "TerminalGrou/ea049c8f/calc_cof/0000/d4eb14006c731ffa15fcae336ff7bfe9": 1, "TerminalGrou/ea049c8f/shear_15nN_g/0000/1ebf78fed0f20ad6854335687ae0e1a0": 1, "TerminalGrou/ea049c8f/mdrun_em/0000/06e2db1a21a16a305b295039e12fe450": 1, "TerminalGrou/ea049c8f/mdrun_shear_/0000/8e4575ebf1982e7cfcb24225d850e4ba": 1, "TerminalGrou/ea049c8f/nvt_equil_gr/0000/0a493d1d7bc21a3ee11f7d19c29cdf14": 1, "TerminalGrou/ea049c8f/calc_frictio/0000/324c906df11dbd52258185a6bdd941ac": 1, "TerminalGrou/ea049c8f/shear_25nN_g/0000/3ad728bacda78eacb29264f75347661d": 1, "TerminalGrou/ea049c8f/shear_15nN_t/0000/f8c771cff433e9dffb26546a3b624389": 1, "TerminalGrou/ea049c8f/compress_gro/0000/0587f0994a00da83bb528f4142c94649": 1, "TerminalGrou/ea049c8f/fix_overlaps/0000/d8a31f6e094ce0cd4690a22f5196a608": 1, "TerminalGrou/ea049c8f/initialize_s/0000/96f399a9f79786c25cc3e1b5df94a8d2": 1, "TerminalGrou/ea049c8f/lmp_to_gmx/0000/0c7c430ef57750c6638a07f27f8234ae": 1, "TerminalGrou/ea049c8f/shear_25nN_x/0000/b25d4dc6ffe5eea7cb36fe24511ac684": 1, "TerminalGrou/ea049c8f/mdrun_compre/0000/d14a3b75b36cb5b7d6f3464be6254cd4": 1, "TerminalGrou/ea049c8f/shear_15nN_x/0000/2e7a277b6d7f6a4c985fed7264f5a3c2": 1, "TerminalGrou/ea049c8f/mdrun_nvt/0000/974576b3ca1c0a16f52c23cfdded283d": 1, "TerminalGrou/ea049c8f/mdrun_shear_/0000/72bbe8c39a835ff24e7d10aa83c722b7": 1}, "COF": 0.11857052563860698}