{"intercept": 0.5580918852378947, "_status": {"TerminalGrou/f47be41a/shear_25nN_t/0000/92b7b7066fe119c37873d01ea9daa4e4": 1, "TerminalGrou/f47be41a/mdrun_compre/0000/8bb3d3899e234161c5ddffc418875143": 1, "TerminalGrou/f47be41a/calc_cof/0000/3d87514db557fdbf505e3e21298f0cc8": 1, "TerminalGrou/f47be41a/mdrun_shear_/0000/3e00ed5b8a7b70eace273d9252e4d212": 1, "TerminalGrou/f47be41a/lmp_to_gmx/0000/9a1121f50164a25126f8c373cbc017c1": 1, "TerminalGrou/f47be41a/em_grompp/0000/433a947adee33ad7bf520d6cdf1e1a82": 1, "TerminalGrou/f47be41a/shear_25nN_g/0000/c531d0b8b3f8bf69d2f1e2d13413f42d": 1, "TerminalGrou/f47be41a/shear_15nN_t/0000/7df70912050f3ae90c72957224061888": 1, "TerminalGrou/f47be41a/mdrun_em/0000/cf917a5abb4ec762657083a32e3f7135": 1, "TerminalGrou/f47be41a/shear_5nN_xt/0000/3ac370706adacd08c09bf4952cf2b502": 1, "TerminalGrou/f47be41a/shear_5nN_tr/0000/2254aee7bef020afd63e8de7179c5cbd": 1, "TerminalGrou/f47be41a/shear_25nN_x/0000/59cb9c29eae6d236b74533ae0e9e3b5c": 1, "TerminalGrou/f47be41a/nvt_equil_gr/0000/2a38eabe69b0252708c10a832cf34a3f": 1, "TerminalGrou/f47be41a/mdrun_nvt/0000/d1956962105e85b68f27f0aae0954baf": 1, "TerminalGrou/f47be41a/shear_15nN_x/0000/35aecd8d556fd45a4b02538e4af72375": 1, "TerminalGrou/f47be41a/mdrun_shear_/0000/0fe2a326d55c6909d60f181e4dabf5f8": 1, "TerminalGrou/f47be41a/mdrun_shear_/0000/39271a1b0a4c9e818bc1e072ca7cb8ab": 1, "TerminalGrou/f47be41a/initialize_s/0000/1ecbd99b1a3ea77dcdcdfe918ff891e3": 1, "TerminalGrou/f47be41a/fix_overlaps/0000/3ff6ae4c25c396dd4528c1b6ec751fb2": 1, "TerminalGrou/f47be41a/compress_gro/0000/b4c560c2c77692cfbce3a7ef04e85a2a": 1, "TerminalGrou/f47be41a/calc_frictio/0000/fdfc286090175f69348dfdf00070359b": 1, "TerminalGrou/f47be41a/shear_5nN_gr/0000/2df8be7fb61f9617703c8762423f322e": 1, "TerminalGrou/f47be41a/shear_15nN_g/0000/824a4e4ef02b069da9570e3641f492f7": 1}, "COF": 0.13573211769820454}