{"intercept": 1.1620076153247387, "_status": {"TerminalGrou/7730d477/em_grompp/0000/957488ec1e518031883f4f1d1bfffbb8": 1, "TerminalGrou/7730d477/initialize_s/0000/59e22e6a13d8a312a75aeee2386155fc": 1, "TerminalGrou/7730d477/calc_frictio/0000/eb087b982dde401b86759fb2c94e96c8": 1, "TerminalGrou/7730d477/shear_15nN_x/0000/7633607aa5d90a5bbbe3a3b81084f341": 1, "TerminalGrou/7730d477/shear_25nN_x/0000/ca882a27664b7ecd636475284992dde9": 1, "TerminalGrou/7730d477/mdrun_em/0000/d1d47ed7a08169aa0a1ea7f3bd9b8cff": 1, "TerminalGrou/7730d477/mdrun_compre/0000/3a99ea72d92935a02ad4dfedb75e2655": 1, "TerminalGrou/7730d477/compress_gro/0000/8bc3500d953bce25143479c330e6042f": 1, "TerminalGrou/7730d477/fix_overlaps/0000/2de20c2b7a4e7d506493aa8fa844c568": 1, "TerminalGrou/7730d477/calc_cof/0000/f68c06179a3913de59a1048e2a2bf445": 1, "TerminalGrou/7730d477/shear_15nN_t/0000/794749daad6b7c2c99a22d450e09b1a5": 1, "TerminalGrou/7730d477/mdrun_nvt/0000/a892145d027ecec669556f132761845f": 1, "TerminalGrou/7730d477/nvt_equil_gr/0000/096104e433ff456026fe5e5466238cc0": 1, "TerminalGrou/7730d477/mdrun_shear_/0000/ef42a29038451b08554905a2c250e624": 1, "TerminalGrou/7730d477/mdrun_shear_/0000/21b66edab6542f807017215a92619d61": 1, "TerminalGrou/7730d477/shear_15nN_g/0000/5948cf7c0f399ab5455d6cd495cc4813": 1, "TerminalGrou/7730d477/shear_5nN_gr/0000/87297a871a8f9dca21f559b3ea878b72": 1, "TerminalGrou/7730d477/shear_5nN_tr/0000/a5c687bcbebcc63a2b21aed903e0101c": 1, "TerminalGrou/7730d477/shear_5nN_xt/0000/770e0507b22491bd0eda52b6420dd4fd": 1, "TerminalGrou/7730d477/shear_25nN_g/0000/ee6ad25a4122dd6681e893775600bb08": 1, "TerminalGrou/7730d477/mdrun_shear_/0000/38a7f512cdb9d1dbb2cf25d708244142": 1, "TerminalGrou/7730d477/lmp_to_gmx/0000/f050af94303b1afccccec8a3bc3a3c3d": 1, "TerminalGrou/7730d477/shear_25nN_t/0000/f0c00e4095bd62a8bd624ecbf90343c8": 1}, "COF": 0.14278902862091522}