{"intercept": 0.9859601397422564, "_status": {"TerminalGrou/8b63a26e/shear_5nN_xt/0000/0759b6921da5270bc9251c9e810c0ee4": 1, "TerminalGrou/8b63a26e/mdrun_shear_/0000/58273b3c64eb48c52a0a51b2d2c2d324": 1, "TerminalGrou/8b63a26e/initialize_s/0000/ada0ec8158b8700bbc3ca759bd34f208": 1, "TerminalGrou/8b63a26e/fix_overlaps/0000/22622c4989f395042edab811a36b932c": 1, "TerminalGrou/8b63a26e/shear_15nN_x/0000/8895e2df0ec27b36ae477dbb28a14c5e": 1, "TerminalGrou/8b63a26e/mdrun_shear_/0000/0129160b4e0ca6ec096b306648bca4b6": 1, "TerminalGrou/8b63a26e/em_grompp/0000/86009bf650cf08d2e2b817efa2e2687f": 1, "TerminalGrou/8b63a26e/shear_15nN_t/0000/8821dc1e39fd6f8444f3ce66617e20a1": 1, "TerminalGrou/8b63a26e/shear_5nN_gr/0000/57c1c4ad4f34c67bdc594fdb5aa50606": 1, "TerminalGrou/8b63a26e/shear_5nN_tr/0000/74f26b5f92c66fade75737b2e4a6c9a1": 1, "TerminalGrou/8b63a26e/nvt_equil_gr/0000/3d30defa0415263b3b4ef341fc2d64af": 1, "TerminalGrou/8b63a26e/calc_frictio/0000/ec712275ae8a300b4453886455117b80": 1, "TerminalGrou/8b63a26e/shear_15nN_g/0000/c659e18b6fc42474fb5f4945a5cee78f": 1, "TerminalGrou/8b63a26e/shear_25nN_t/0000/4f65f67193a4523929affe0d24709ae7": 1, "TerminalGrou/8b63a26e/shear_25nN_x/0000/d9e188df062caaa4eeb020f392e7e278": 1, "TerminalGrou/8b63a26e/compress_gro/0000/f0169e400ce6fcee510ff9cc537d64d6": 1, "TerminalGrou/8b63a26e/lmp_to_gmx/0000/2aa7dbe00a24d8dc66fad657a8f94fa3": 1, "TerminalGrou/8b63a26e/mdrun_nvt/0000/0589498e1d11061de36ddbf24a4f2e62": 1, "TerminalGrou/8b63a26e/mdrun_shear_/0000/2c262429ffe0c84c13f39e0d0f2c4900": 1, "TerminalGrou/8b63a26e/shear_25nN_g/0000/993090e9838a167c47dd8b6a5afe7f35": 1, "TerminalGrou/8b63a26e/mdrun_compre/0000/ca0b452a048c6e203bb8351436799632": 1, "TerminalGrou/8b63a26e/calc_cof/0000/eb17ad3fdc9e43e39278a586d3df79f3": 1, "TerminalGrou/8b63a26e/mdrun_em/0000/47f5a52423b7d04b1f6e4575ddd79b2c": 1}, "COF": 0.15256544403015196}