{"intercept": 3.425113592701041, "_status": {"TerminalGrou/e0405d24/mdrun_compre/0000/7f5381a302f188f6a96ad80be1166f79": 1, "TerminalGrou/e0405d24/shear_15nN_g/0000/8f9daa61e918eaa5e45055cbb97dc08f": 1, "TerminalGrou/e0405d24/mdrun_nvt/0000/ee76acac06e075e2ea61afa54f8be294": 1, "TerminalGrou/e0405d24/lmp_to_gmx/0000/ad7294026699afe385b753a85ae94167": 1, "TerminalGrou/e0405d24/initialize_s/0000/3bab144f5871f35b16417ce68347eeb4": 1, "TerminalGrou/e0405d24/shear_25nN_x/0000/af5d02091f7834d8c51edc1687994aa8": 1, "TerminalGrou/e0405d24/shear_15nN_x/0000/79ca2a13afcf2a4bd5397268353ba0dc": 1, "TerminalGrou/e0405d24/em_grompp/0000/05fc3392a08be6b0107a41df030a36ee": 1, "TerminalGrou/e0405d24/shear_25nN_g/0000/e9fa2b880b5cb3c31252c2fae5fbe173": 1, "TerminalGrou/e0405d24/shear_5nN_xt/0000/569ca9a377c9d77b80d85b5f60038c74": 1, "TerminalGrou/e0405d24/calc_cof/0000/779c8bca12fc50b71b3c044d2cad22d8": 1, "TerminalGrou/e0405d24/nvt_equil_gr/0000/be4b4726c8c7fe27b20b18820fae7020": 1, "TerminalGrou/e0405d24/shear_5nN_tr/0000/44dbc3894cc5f40928e4ce72c774f458": 1, "TerminalGrou/e0405d24/mdrun_shear_/0000/7fa3722c2b601da420bb3f9297265255": 1, "TerminalGrou/e0405d24/shear_25nN_t/0000/1b37017987f26ead09cc2c9ce54ebd98": 1, "TerminalGrou/e0405d24/compress_gro/0000/235e5e2fa34a05d2fa96b3da648cd16f": 1, "TerminalGrou/e0405d24/mdrun_shear_/0000/4ff3d5bef0c76366e6ed32eecfa459dd": 1, "TerminalGrou/e0405d24/mdrun_shear_/0000/6d08cf0c7b5dcf26b0eb3800a04d6bb9": 1, "TerminalGrou/e0405d24/mdrun_em/0000/b402c603d84dfe77728d873803d4e843": 1, "TerminalGrou/e0405d24/fix_overlaps/0000/c1b93509938b9f755dae32c4ac6bca1c": 1, "TerminalGrou/e0405d24/shear_5nN_gr/0000/ac2eacf0db0ac42816e17202811c9c20": 1, "TerminalGrou/e0405d24/shear_15nN_t/0000/6a49d0b871032b7d16f7a9880657bd83": 1, "TerminalGrou/e0405d24/calc_frictio/0000/c1bc7c1acd1fd8e8073771e36fbb83bf": 1}, "COF": 0.12524536404757353}