{"intercept": 6.757556594716522, "_status": {"TerminalGrou/38a75de0/mdrun_shear_/0000/d32d6a0a26184f154064697e7c5f3193": 1, "TerminalGrou/38a75de0/mdrun_em/0000/00c326217447d54c336415ad0af8a46e": 1, "TerminalGrou/38a75de0/mdrun_shear_/0000/21f16840beb69f0781f14dd08cd05665": 1, "TerminalGrou/38a75de0/mdrun_compre/0000/7aeb99c2b0319ad3b95bc0770038c04b": 1, "TerminalGrou/38a75de0/shear_25nN_t/0000/bcf007c6afe0222894258646b13a2cc5": 1, "TerminalGrou/38a75de0/compress_gro/0000/7d8d06b69c290d61783f0ed12ae10294": 1, "TerminalGrou/38a75de0/shear_25nN_x/0000/4af366533d4704ba944e1e4e6ed4bc3c": 1, "TerminalGrou/38a75de0/lmp_to_gmx/0000/db326f73cffd435563064560d45e7129": 1, "TerminalGrou/38a75de0/shear_25nN_g/0000/f1de7baa50f201cdcdd510e43a890ecc": 1, "TerminalGrou/38a75de0/fix_overlaps/0000/8e69a1a231202b78ba666e3a7150df58": 1, "TerminalGrou/38a75de0/em_grompp/0000/6aa6f0f1055151e428e4e4f46a69237d": 1, "TerminalGrou/38a75de0/shear_15nN_g/0000/3a6dc98470aa5116df3f0b69dd68f88a": 1, "TerminalGrou/38a75de0/calc_cof/0000/576acd8c5f0834b5ce7f61eb211e306a": 1, "TerminalGrou/38a75de0/shear_5nN_xt/0000/9c151c8f22194aa8232eaf87fe25555f": 1, "TerminalGrou/38a75de0/shear_5nN_gr/0000/8182f6053e69841f252695463b4a7ed8": 1, "TerminalGrou/38a75de0/shear_5nN_tr/0000/f0aa9a042819447426659571de2a2d79": 1, "TerminalGrou/38a75de0/shear_15nN_x/0000/f9886a12bb056312d34d55596c672b01": 1, "TerminalGrou/38a75de0/mdrun_shear_/0000/bf0ddaa18c41108a14a0b96ef9180636": 1, "TerminalGrou/38a75de0/calc_frictio/0000/f7e236d7b5393dc687df2b4fa854918b": 1, "TerminalGrou/38a75de0/mdrun_nvt/0000/2635fa913a2981bc5734d005d7b706e4": 1, "TerminalGrou/38a75de0/nvt_equil_gr/0000/0396c5ec21bb84d267e18fdccf30a467": 1, "TerminalGrou/38a75de0/initialize_s/0000/408b0861cdc720a1370374294960da85": 1, "TerminalGrou/38a75de0/shear_15nN_t/0000/ca1b42547c50e85338b5e22caa309402": 1}, "COF": 0.132226480797035}