{"intercept": 0.40581976960354016, "_status": {"TerminalGrou/80beb7ca/shear_5nN_xt/0000/f31bd3f7cda017a6734977077dd0e769": 1, "TerminalGrou/80beb7ca/mdrun_shear_/0000/1004865ca873053556b0a6425700840a": 1, "TerminalGrou/80beb7ca/shear_5nN_gr/0000/c38cd42fb910a08a84acbf98d5390b04": 1, "TerminalGrou/80beb7ca/shear_25nN_t/0000/05a5729b880dae86d82b8bc58372b15b": 1, "TerminalGrou/80beb7ca/shear_15nN_x/0000/6b1e9d56ee9a1df0b5e10817b1fcdf24": 1, "TerminalGrou/80beb7ca/mdrun_shear_/0000/8e540bbeab6a977e58118bb152771ace": 1, "TerminalGrou/80beb7ca/shear_15nN_t/0000/ce9b61178f7464352ff18945dfead788": 1, "TerminalGrou/80beb7ca/fix_overlaps/0000/12bacd5f239b4ec28dc6574be950327d": 1, "TerminalGrou/80beb7ca/nvt_equil_gr/0000/310605809ed8fcbb516df5b290084888": 1, "TerminalGrou/80beb7ca/calc_frictio/0000/ee12e47eb46a4f69ebeea1f4b170f0ac": 1, "TerminalGrou/80beb7ca/shear_25nN_x/0000/f0e8ffe90abcfc0bbef28c9814e37247": 1, "TerminalGrou/80beb7ca/mdrun_compre/0000/ef34752d9b4ee6b1da958c38366a0878": 1, "TerminalGrou/80beb7ca/calc_cof/0000/019a136c08d636464ce081dfc343b970": 1, "TerminalGrou/80beb7ca/shear_5nN_tr/0000/575529cb263c9efe507ce97f89874316": 1, "TerminalGrou/80beb7ca/mdrun_em/0000/41f3d24e4f720c4be29919d6ddcec31d": 1, "TerminalGrou/80beb7ca/lmp_to_gmx/0000/37a96ceadf5da378dafbb9c3e2c73af5": 1, "TerminalGrou/80beb7ca/mdrun_shear_/0000/95d66d83ae3097f9c009902d50ba415b": 1, "TerminalGrou/80beb7ca/em_grompp/0000/5b83c7f1378e8ea194f2702ae16c3b02": 1, "TerminalGrou/80beb7ca/compress_gro/0000/2ea49b3c910c77e593a819c33ccc41ab": 1, "TerminalGrou/80beb7ca/shear_25nN_g/0000/2f80b39ca2753b413547f0d385dd7ee1": 1, "TerminalGrou/80beb7ca/mdrun_nvt/0000/cda8c9b702f2b51680635727654004db": 1, "TerminalGrou/80beb7ca/initialize_s/0000/45b5cfb3f0be6df1c87114f5608690d3": 1, "TerminalGrou/80beb7ca/shear_15nN_g/0000/b2be0bbb1f9dcc2e4370f8d0487bf085": 1}, "COF": 0.1685489467570546}