{"intercept": 1.2243897056775217, "_status": {"TerminalGrou/41a793fa/shear_25nN_t/0000/5db6715ae668b31df674c7bbd3d5af68": 1, "TerminalGrou/41a793fa/shear_15nN_g/0000/8a815dfc06d376ae7d468c2f8eece250": 1, "TerminalGrou/41a793fa/compress_gro/0000/2e26cbf66012a447b186c27fa186a2fa": 1, "TerminalGrou/41a793fa/mdrun_nvt/0000/9212f5538177246435f53573ff3a8bc5": 1, "TerminalGrou/41a793fa/shear_15nN_x/0000/6cad464162b8c04fbbac6485bc99ab1f": 1, "TerminalGrou/41a793fa/initialize_s/0000/29da5a6536b73eab11b17546b4be06fb": 1, "TerminalGrou/41a793fa/mdrun_em/0000/23d40d602c6c331fc1f5949cc6c117b6": 1, "TerminalGrou/41a793fa/mdrun_shear_/0000/6fc2299d81789ad735e77bc645f90ffc": 1, "TerminalGrou/41a793fa/shear_15nN_t/0000/eb7120b77a12aed501dad24f1b4aff81": 1, "TerminalGrou/41a793fa/lmp_to_gmx/0000/48c8be91bd19f2776f2bd14247fbfab2": 1, "TerminalGrou/41a793fa/mdrun_shear_/0000/f02bebc82ebc1cbd8a517a82f6dc9aea": 1, "TerminalGrou/41a793fa/shear_25nN_g/0000/84e3f179cae4b8b5e47f8828048f6d20": 1, "TerminalGrou/41a793fa/mdrun_shear_/0000/d69f90768255b6459d06e67ad8862f2e": 1, "TerminalGrou/41a793fa/calc_cof/0000/939e4efafee7e482cf3cbcb1287e9265": 1, "TerminalGrou/41a793fa/calc_frictio/0000/3fec3d313a8bcfcac6dc705dc994c14a": 1, "TerminalGrou/41a793fa/shear_25nN_x/0000/ccba4d8db6b1ec2e37d1ef58ae8f31fe": 1, "TerminalGrou/41a793fa/shear_5nN_xt/0000/e1f28bd6570ba3f881df219a1874ac52": 1, "TerminalGrou/41a793fa/nvt_equil_gr/0000/3bdc69524a99e79987ce0ee09754a026": 1, "TerminalGrou/41a793fa/em_grompp/0000/6e08c526dafedf72624fe26f625d2f30": 1, "TerminalGrou/41a793fa/fix_overlaps/0000/01f0ea285b8856af0502e09c11e52715": 1, "TerminalGrou/41a793fa/shear_5nN_gr/0000/2bf186a41f117169bad370c7c0bc332b": 1, "TerminalGrou/41a793fa/shear_5nN_tr/0000/a8407731afbf0cd00970193d8161bca6": 1, "TerminalGrou/41a793fa/mdrun_compre/0000/53998e9372586f3aafca8b77c0180275": 1}, "COF": 0.11138415725083023}