{"intercept": 0.545789105650349, "_status": {"TerminalGrou/a5a707c5/compress_gro/0000/fe3948ece92ec7ff8fb8824d86fcc26f": 1, "TerminalGrou/a5a707c5/fix_overlaps/0000/0cef86d373d336f2814ff2b7d81013a6": 1, "TerminalGrou/a5a707c5/shear_15nN_t/0000/dc6924a0d21174849ec6c7c7b4e68ca2": 1, "TerminalGrou/a5a707c5/mdrun_nvt/0000/a8030f6605a3a73f79a54e3db370f2bc": 1, "TerminalGrou/a5a707c5/shear_5nN_xt/0000/9d8c4c2048e4c15fc99e7861c7e94638": 1, "TerminalGrou/a5a707c5/shear_5nN_tr/0000/62b0eb9da61b8fd770ef0caab06ddb9b": 1, "TerminalGrou/a5a707c5/lmp_to_gmx/0000/340652dd97756f19f525e1eb7a7dcb93": 1, "TerminalGrou/a5a707c5/mdrun_compre/0000/7e3c0b09de4c4d1779e5af06a09efd44": 1, "TerminalGrou/a5a707c5/shear_15nN_g/0000/3954ddc1931ab477fce4ef75264fef74": 1, "TerminalGrou/a5a707c5/shear_5nN_gr/0000/eec572d150c13602ea8de1543526508c": 1, "TerminalGrou/a5a707c5/shear_25nN_g/0000/82153688f26f37b6f3bf0fc1073df570": 1, "TerminalGrou/a5a707c5/mdrun_shear_/0000/9e6f9f1dc701df16560060f561263dc9": 1, "TerminalGrou/a5a707c5/initialize_s/0000/60d26eeb78af8df3a8f5c641c4aa68dd": 1, "TerminalGrou/a5a707c5/mdrun_shear_/0000/bb9d4c7e5d2ddd256c55c210bf6ec990": 1, "TerminalGrou/a5a707c5/mdrun_shear_/0000/b7692afd488bd21940a41dca06393c13": 1, "TerminalGrou/a5a707c5/calc_cof/0000/d14b5ad317e0273718c0b8549b94b337": 1, "TerminalGrou/a5a707c5/calc_frictio/0000/719de463e34d58b2355a079b395f1de0": 1, "TerminalGrou/a5a707c5/shear_15nN_x/0000/2c8e7ea4a86ebd316fbed0228bada439": 1, "TerminalGrou/a5a707c5/shear_25nN_t/0000/ff8f82c416a810d83597bf595b980c22": 1, "TerminalGrou/a5a707c5/shear_25nN_x/0000/bc995c818a08d360e1e85d5121a79332": 1, "TerminalGrou/a5a707c5/em_grompp/0000/d5a05557119bbe81b9206ec132ecdfc9": 1, "TerminalGrou/a5a707c5/mdrun_em/0000/05707d3fe66b25bd33f390b9d6faacff": 1, "TerminalGrou/a5a707c5/nvt_equil_gr/0000/0f15339bffce6f71045a0daea32feb5b": 1}, "COF": 0.13370423872197904}