{"intercept": 3.2773750829610906, "_status": {"TerminalGrou/0bbcd08c/mdrun_nvt/0000/0189048aeabb379a9156be6ed724be45": 1, "TerminalGrou/0bbcd08c/shear_5nN_xt/0000/2f71682f981cd362d2afbb0e9351b16a": 1, "TerminalGrou/0bbcd08c/shear_25nN_x/0000/0c2b1de303098fa7019857f4386ee2fc": 1, "TerminalGrou/0bbcd08c/mdrun_shear_/0000/87424d1bbd9ed7bc211a099be1e1c036": 1, "TerminalGrou/0bbcd08c/shear_5nN_gr/0000/18e3c5711c8b4ab2c894563508861705": 1, "TerminalGrou/0bbcd08c/calc_frictio/0000/06f9aad5feec9b2ab3f90cb6d067818b": 1, "TerminalGrou/0bbcd08c/shear_15nN_g/0000/ece4a6ff86797445220eadfe75cadea2": 1, "TerminalGrou/0bbcd08c/shear_25nN_g/0000/525ed3f82cdb921b0776fb0f02b5214e": 1, "TerminalGrou/0bbcd08c/mdrun_shear_/0000/20cb1a79f809a0b73393245b5a16ed4d": 1, "TerminalGrou/0bbcd08c/mdrun_compre/0000/1390a2a35a64c02251022a554442b87a": 1, "TerminalGrou/0bbcd08c/shear_15nN_t/0000/0b8cbc3e8e5d9efa2be294a02df22c80": 1, "TerminalGrou/0bbcd08c/lmp_to_gmx/0000/ba52c4074ed2ca5ab6d466ec8fd7e0ef": 1, "TerminalGrou/0bbcd08c/initialize_s/0000/04fb3332a906d3fb61f424ffc790394e": 1, "TerminalGrou/0bbcd08c/fix_overlaps/0000/bd00ba6f277acc390cd2938e7e79be5c": 1, "TerminalGrou/0bbcd08c/calc_cof/0000/a1831433af94e6ff0ee6c0a001cf1b15": 1, "TerminalGrou/0bbcd08c/compress_gro/0000/4dc44334f6da5f3e8d444ae01743601c": 1, "TerminalGrou/0bbcd08c/shear_25nN_t/0000/f99eb07df85805d612df0c4f765306f1": 1, "TerminalGrou/0bbcd08c/nvt_equil_gr/0000/84be6ab0d863665f2af2502f26e02947": 1, "TerminalGrou/0bbcd08c/shear_5nN_tr/0000/c52822fbb47a98b56b53bdbbb2a7b6cc": 1, "TerminalGrou/0bbcd08c/mdrun_em/0000/d5499bf24ac7e84d56a17a081ca97a25": 1, "TerminalGrou/0bbcd08c/em_grompp/0000/9a25dbe803415ca2d20eb0ff476ad213": 1, "TerminalGrou/0bbcd08c/shear_15nN_x/0000/6ac663d5872cc2f0fdb8f61638b221c2": 1, "TerminalGrou/0bbcd08c/mdrun_shear_/0000/8e871ed0559c3a5dd867972ce5d8fb81": 1}, "COF": 0.1530214896626049}