{"intercept": 1.5669124360820352, "_status": {"TerminalGrou/1f575074/initialize_s/0000/a586b3bced40d59a30fbcc9498baad8e": 1, "TerminalGrou/1f575074/shear_15nN_t/0000/c5b987b639e32822e12cedaeafe0d24f": 1, "TerminalGrou/1f575074/shear_15nN_g/0000/c6d1ef78342b305f3392c6a0ecc57a8a": 1, "TerminalGrou/1f575074/shear_25nN_x/0000/d7cfc35499a4a2a3718f6fcdcd9d5558": 1, "TerminalGrou/1f575074/em_grompp/0000/485cd3053db2d7593445cfccb0c99e97": 1, "TerminalGrou/1f575074/calc_cof/0000/cd985879666160df38e9440c83e58576": 1, "TerminalGrou/1f575074/shear_5nN_gr/0000/2d275372f52abdc7b8b7870f88e9fee0": 1, "TerminalGrou/1f575074/mdrun_compre/0000/f644b2b5209ad00869760b0cb4b2369b": 1, "TerminalGrou/1f575074/fix_overlaps/0000/2a41b6e55dacb6e2ca22daebc7c28c6b": 1, "TerminalGrou/1f575074/mdrun_shear_/0000/61d53c7be4a49d0c84502157bbf227f9": 1, "TerminalGrou/1f575074/shear_15nN_x/0000/6b5b6d61dbc5d4ee2b91f4c4339098b4": 1, "TerminalGrou/1f575074/shear_5nN_tr/0000/e6ae1d3d37344ccdd58d62a07b0e4f52": 1, "TerminalGrou/1f575074/calc_frictio/0000/d6ca62e3d83b7cdbcb8e7f087e65f0f5": 1, "TerminalGrou/1f575074/nvt_equil_gr/0000/d1be63d420aa9820240deb6a57071798": 1, "TerminalGrou/1f575074/shear_5nN_xt/0000/0c174c088f9821fb08efc1116c12614e": 1, "TerminalGrou/1f575074/mdrun_em/0000/46a962cb78e78cb7e3eadb6c332027ab": 1, "TerminalGrou/1f575074/shear_25nN_g/0000/5ed265a6284d6845a320d513c448acd5": 1, "TerminalGrou/1f575074/lmp_to_gmx/0000/189993a7dc85568208ad9bc38167e804": 1, "TerminalGrou/1f575074/shear_25nN_t/0000/396b6869c62ee781320a8f1d74d88b39": 1, "TerminalGrou/1f575074/mdrun_shear_/0000/2d15c38c53117e792d2bfe61af049533": 1, "TerminalGrou/1f575074/mdrun_shear_/0000/39ab0a3df1cecc282d262f225548453b": 1, "TerminalGrou/1f575074/compress_gro/0000/c6d15d734029511ff690080b0f16c7c7": 1, "TerminalGrou/1f575074/mdrun_nvt/0000/14eaa52634191d92af91cba8bebd1292": 1}, "COF": 0.14718203654332118}