{"intercept": 0.47200260496695234, "_status": {"TerminalGrou/db364d83/initialize_s/0000/7f5ccb265f1f41e78d17fec9a96e084d": 1, "TerminalGrou/db364d83/shear_5nN_xt/0000/a4a57b000003aebb9454398f4733bd1e": 1, "TerminalGrou/db364d83/shear_25nN_x/0000/984a72ed47822ab57de6c67325a0ce78": 1, "TerminalGrou/db364d83/mdrun_shear_/0000/a4d98ec7ebc970a0de296b321734df9c": 1, "TerminalGrou/db364d83/mdrun_nvt/0000/e8448bcb96eccb44777277b9e3d0d720": 1, "TerminalGrou/db364d83/em_grompp/0000/a481ff4c9e3116abdf15f3a2da9e5a66": 1, "TerminalGrou/db364d83/shear_25nN_t/0000/cf7b822b245d8e117b84753796963c3b": 1, "TerminalGrou/db364d83/shear_5nN_gr/0000/b33ec42159fe3098bdeaa81a424954d0": 1, "TerminalGrou/db364d83/lmp_to_gmx/0000/88c4206f8cbadceafd2bb8e9d174fe3e": 1, "TerminalGrou/db364d83/mdrun_shear_/0000/4a91641eb85e9b5e44684303cbeaee1e": 1, "TerminalGrou/db364d83/shear_15nN_x/0000/ee3c95d1a90176b72332f0d8ebc6515b": 1, "TerminalGrou/db364d83/calc_frictio/0000/53b775418144f769ab9a0251f973ffd3": 1, "TerminalGrou/db364d83/nvt_equil_gr/0000/5c917d57a47e05be5241b33eba4bbda3": 1, "TerminalGrou/db364d83/shear_15nN_t/0000/55107299254c461686a1ab803834dfda": 1, "TerminalGrou/db364d83/shear_25nN_g/0000/166d918e0ba72253239e8a9943141849": 1, "TerminalGrou/db364d83/mdrun_em/0000/26dc4eb5122acc323d213b30fde5c38a": 1, "TerminalGrou/db364d83/shear_5nN_tr/0000/722e7034d3a68300bf106ad72b0c19fa": 1, "TerminalGrou/db364d83/compress_gro/0000/32c05d949f1dd05c0cf18f3579f12ec3": 1, "TerminalGrou/db364d83/shear_15nN_g/0000/7ab06dc5b4a717cb679da660409f89e3": 1, "TerminalGrou/db364d83/calc_cof/0000/d09bab416390f5ba80dc42351cd04e44": 1, "TerminalGrou/db364d83/mdrun_compre/0000/17fe8a408c9454eae6f72366c4c8e2fa": 1, "TerminalGrou/db364d83/fix_overlaps/0000/9c58654a5a8ea6adde6e5a089ed73354": 1, "TerminalGrou/db364d83/mdrun_shear_/0000/0f8a62fd0beee8912ad29b976e1b5bda": 1}, "COF": 0.15292927094572914}