{"intercept": 0.5497677963909764, "_status": {"TerminalGrou/63d40624/lmp_to_gmx/0000/b451527746c2b07c1102e59407ed354c": 1, "TerminalGrou/63d40624/mdrun_compre/0000/fc2fbd791ff9085c56dc8bdef4d0b2c9": 1, "TerminalGrou/63d40624/shear_5nN_gr/0000/f0842c03c5ec313e24fd01b8afbe55d1": 1, "TerminalGrou/63d40624/calc_cof/0000/21fbeed8f8ce9f472a2d8cd247cf67d4": 1, "TerminalGrou/63d40624/initialize_s/0000/7b738656f5c65654ada63533d29ceee2": 1, "TerminalGrou/63d40624/shear_25nN_g/0000/1c2527268352caf749782fa5af32d413": 1, "TerminalGrou/63d40624/calc_frictio/0000/bb97e7267a71d9fb3c4b16bd4ad8d183": 1, "TerminalGrou/63d40624/shear_15nN_x/0000/c29ef691473f1b970d48f7f725c1dd5f": 1, "TerminalGrou/63d40624/nvt_equil_gr/0000/e58e06d358c992525a62c8a5c18ec3ec": 1, "TerminalGrou/63d40624/fix_overlaps/0000/4f0c9b7cdcbcaf0d69c0f70c1b507859": 1, "TerminalGrou/63d40624/mdrun_nvt/0000/f29a0aba474446a7b07b58e3688eb1ee": 1, "TerminalGrou/63d40624/compress_gro/0000/c4e0eb35345f4b6cfb9046365164a3f2": 1, "TerminalGrou/63d40624/mdrun_em/0000/fa9d102f2ef2cd9b74437a5d5c95a57d": 1, "TerminalGrou/63d40624/shear_15nN_g/0000/affae8a3eac7c0c9ba6d8c5d2f88544e": 1, "TerminalGrou/63d40624/shear_5nN_tr/0000/8585f6630d5c57314ec0540d4da64ef6": 1, "TerminalGrou/63d40624/mdrun_shear_/0000/f4c3fc7b8b7044b6c92b7eee3d141d28": 1, "TerminalGrou/63d40624/shear_25nN_x/0000/a5f198b1f8ed7288d8cb30cf85d2a0d9": 1, "TerminalGrou/63d40624/shear_15nN_t/0000/15dc242bff67094328b8a0b13c397f7e": 1, "TerminalGrou/63d40624/shear_5nN_xt/0000/e16e8f0f6097db7cf7b449125be0c30e": 1, "TerminalGrou/63d40624/mdrun_shear_/0000/3118ac8d670a69a0c0a046f23fe79d4e": 1, "TerminalGrou/63d40624/em_grompp/0000/346d0eb670593bb0daf7c2e5901d2806": 1, "TerminalGrou/63d40624/shear_25nN_t/0000/aeaa3f4c9b20ed34115e787934bcc0cb": 1, "TerminalGrou/63d40624/mdrun_shear_/0000/b5af3742305820669897e74e592463c5": 1}, "COF": 0.15485370808070717}