{"intercept": 0.6074038085656754, "_status": {"TerminalGrou/0c071b7e/em_grompp/0000/65917bb218a2e3a31830e348e783931a": 1, "TerminalGrou/0c071b7e/compress_gro/0000/a7800453318e55bb969f34d1e16fd566": 1, "TerminalGrou/0c071b7e/mdrun_compre/0000/6a0cd7134842d66e84b6023cc5c4c6ce": 1, "TerminalGrou/0c071b7e/mdrun_shear_/0000/12cf1dce7eda1181c16d51e5804025a0": 1, "TerminalGrou/0c071b7e/lmp_to_gmx/0000/5f60457f70b572c6936aa108726ad748": 1, "TerminalGrou/0c071b7e/shear_15nN_g/0000/242b4af5eba126b5e86b8e46374ee806": 1, "TerminalGrou/0c071b7e/mdrun_nvt/0000/6fbd839f09dd233ec244c605076a6745": 1, "TerminalGrou/0c071b7e/shear_15nN_t/0000/909ae0241a7e7011848dafb8aa638781": 1, "TerminalGrou/0c071b7e/shear_15nN_x/0000/c3d80bcf0ff39babf1b5069620ed92a9": 1, "TerminalGrou/0c071b7e/initialize_s/0000/54cd64c25b55bbd2941fe31735eb63b3": 1, "TerminalGrou/0c071b7e/shear_5nN_xt/0000/4abce1baecd6c58bff618097a7ac6622": 1, "TerminalGrou/0c071b7e/shear_25nN_x/0000/1a457953a1bf5a21dddf5c3b70bfaf1c": 1, "TerminalGrou/0c071b7e/mdrun_shear_/0000/d7c983338508673a78e716e1b60c6ef0": 1, "TerminalGrou/0c071b7e/shear_5nN_gr/0000/2ba0ea02df7f9ecccacaf91bf463a794": 1, "TerminalGrou/0c071b7e/shear_5nN_tr/0000/4fd951901dc5e1ed19026d649b1e6e3a": 1, "TerminalGrou/0c071b7e/shear_25nN_t/0000/4b66c2a1022765ed86739fc0edf2217d": 1, "TerminalGrou/0c071b7e/calc_frictio/0000/838987306937957b3c76baeb6f0d22e8": 1, "TerminalGrou/0c071b7e/fix_overlaps/0000/d9a047e4f17bbfee24e26d68e3cad158": 1, "TerminalGrou/0c071b7e/mdrun_shear_/0000/4e7e383ffa9667de4a924ca0558aff57": 1, "TerminalGrou/0c071b7e/nvt_equil_gr/0000/6bec14f5ed3373f40b615536e583a134": 1, "TerminalGrou/0c071b7e/calc_cof/0000/e6f89454950ba44206d1cd65b3d9bee8": 1, "TerminalGrou/0c071b7e/shear_25nN_g/0000/3ca5bd3b13ffe470e1ce83ba8a55fc51": 1, "TerminalGrou/0c071b7e/mdrun_em/0000/dd179680b73806587dd4b820b32d85e2": 1}, "COF": 0.1462479774324949}