{"intercept": 5.407799101940618, "_status": {"TerminalGrou/d55ec06f/shear_15nN_x/0000/1161671c976528be59c0cb639c09fab9": 1, "TerminalGrou/d55ec06f/calc_cof/0000/f7549692dfced076f3493d330fa3c0f2": 1, "TerminalGrou/d55ec06f/mdrun_shear_/0000/31b1a2fcc9aa5d081a68c2693cdfa7eb": 1, "TerminalGrou/d55ec06f/em_grompp/0000/02685f411e322d3a1902f062820d1fe6": 1, "TerminalGrou/d55ec06f/fix_overlaps/0000/159692bf9873fb91066ad5dbd733fe68": 1, "TerminalGrou/d55ec06f/mdrun_shear_/0000/3dea1bad44558ce7fb060c66b043c7ff": 1, "TerminalGrou/d55ec06f/initialize_s/0000/6dce5828083ebc06934568b6b7ae0498": 1, "TerminalGrou/d55ec06f/shear_5nN_gr/0000/057e556329596cd53f43b51600256f35": 1, "TerminalGrou/d55ec06f/mdrun_shear_/0000/97bb9abd9ce3cacf9e2e770da7913ece": 1, "TerminalGrou/d55ec06f/shear_25nN_x/0000/71fc3b425a3c306a09757ef2a53b9eab": 1, "TerminalGrou/d55ec06f/calc_frictio/0000/6410f57fe41c0f8f2fb1051ae7e2de9f": 1, "TerminalGrou/d55ec06f/shear_5nN_xt/0000/1010c4ea491e74bc08f73568a0163d25": 1, "TerminalGrou/d55ec06f/nvt_equil_gr/0000/43176aae75c64e0e8f09d52da8167f5c": 1, "TerminalGrou/d55ec06f/mdrun_compre/0000/acf2e4b86144b554dd8c4a86a40acfa4": 1, "TerminalGrou/d55ec06f/mdrun_nvt/0000/d7940cc67080a34f1d9f4f6c63ce897a": 1, "TerminalGrou/d55ec06f/shear_15nN_t/0000/6f025e7e66732199facec40031639db7": 1, "TerminalGrou/d55ec06f/lmp_to_gmx/0000/6374ad7f4221e97708be1a81919e3dfb": 1, "TerminalGrou/d55ec06f/compress_gro/0000/1973d5e67d2f8ac817de27ddddad5cb1": 1, "TerminalGrou/d55ec06f/shear_15nN_g/0000/d08b1362e43f2724aa108710fe7f751f": 1, "TerminalGrou/d55ec06f/shear_25nN_t/0000/3eccab09c65fc475866f4a295523befe": 1, "TerminalGrou/d55ec06f/shear_25nN_g/0000/abdeb73dee10f1b3341052e64f420a7b": 1, "TerminalGrou/d55ec06f/mdrun_em/0000/d79083f5cbfb5204ff0aaee131bcae69": 1, "TerminalGrou/d55ec06f/shear_5nN_tr/0000/fb14de39cd429646399d78b7ed623593": 1}, "COF": 0.0947862918634252}