{"intercept": 0.9585574684483502, "_status": {"TerminalGrou/3dfbfee0/nvt_equil_gr/0000/231626c68a53b1ab6836388cd6122a20": 1, "TerminalGrou/3dfbfee0/calc_cof/0000/26e2d2e51252ed5dcc84cd8fca994802": 1, "TerminalGrou/3dfbfee0/fix_overlaps/0000/313113ad681dddbdb5f224d7d5129a5c": 1, "TerminalGrou/3dfbfee0/mdrun_em/0000/93668aa89cbfed6dc490a65da2b39eb2": 1, "TerminalGrou/3dfbfee0/mdrun_shear_/0000/4a9e3241fdd2baaaa59d5f542cd896e4": 1, "TerminalGrou/3dfbfee0/shear_5nN_gr/0000/99f857daf2284d809fced9722c25bcab": 1, "TerminalGrou/3dfbfee0/shear_15nN_t/0000/2453c0d21366bafb7741589aae7e0d28": 1, "TerminalGrou/3dfbfee0/mdrun_shear_/0000/2251086b1332fde1cbf6a98dda19e6b3": 1, "TerminalGrou/3dfbfee0/shear_5nN_xt/0000/a1d8ca379a035ff71ea34ebcb8248d7c": 1, "TerminalGrou/3dfbfee0/shear_25nN_t/0000/f69349c585600b7b85a525de52f0bd1d": 1, "TerminalGrou/3dfbfee0/mdrun_compre/0000/b783632376d5127cf23ab5e6fa10d700": 1, "TerminalGrou/3dfbfee0/shear_15nN_g/0000/9d875ffaa804562d21a9acf683d415cc": 1, "TerminalGrou/3dfbfee0/mdrun_shear_/0000/e526b5a27c0c1d594ba7ac9b79491aeb": 1, "TerminalGrou/3dfbfee0/em_grompp/0000/2966e6ac31f52abad8c26b41e49a91fb": 1, "TerminalGrou/3dfbfee0/shear_25nN_x/0000/633ed331d8015e6ba63cd4f222162348": 1, "TerminalGrou/3dfbfee0/shear_5nN_tr/0000/6dbf49ac3cefc347694707234d48e9bf": 1, "TerminalGrou/3dfbfee0/mdrun_nvt/0000/d02132b8e91938fa65cb03c4c7a9d32c": 1, "TerminalGrou/3dfbfee0/initialize_s/0000/11668a7f357bf108ce265d22ed678ee2": 1, "TerminalGrou/3dfbfee0/lmp_to_gmx/0000/d02c859a842711cdf13426b076a524c6": 1, "TerminalGrou/3dfbfee0/shear_25nN_g/0000/4453f1dda742330cf979cbb48f53607c": 1, "TerminalGrou/3dfbfee0/shear_15nN_x/0000/2f541becc590ee71f8e48746d567a907": 1, "TerminalGrou/3dfbfee0/compress_gro/0000/c2f2e0dd569c7b044a294cd22865fe79": 1, "TerminalGrou/3dfbfee0/calc_frictio/0000/6e173db105f0012102dec32a5dbfe685": 1}, "COF": 0.11787202589966797}