{"intercept": 0.678435660997804, "_status": {"TerminalGrou/cef047cd/compress_gro/0000/ee5acdfb1a74983afc1e78d3ce9da0b0": 1, "TerminalGrou/cef047cd/nvt_equil_gr/0000/f63b747a960e520c98105bc46f9dbf1d": 1, "TerminalGrou/cef047cd/shear_25nN_x/0000/524b7ba74dd029c236fa4c8b0cf83842": 1, "TerminalGrou/cef047cd/mdrun_shear_/0000/990b1b13801aaf46c9870492a99441df": 1, "TerminalGrou/cef047cd/shear_15nN_g/0000/154dfbc3d0102cdc95252de77a765b0d": 1, "TerminalGrou/cef047cd/mdrun_nvt/0000/1e75b17c9af7e3e51d7f2f424ec1b496": 1, "TerminalGrou/cef047cd/em_grompp/0000/d77fa9887d7db63a9cffdfb7d2830f74": 1, "TerminalGrou/cef047cd/shear_5nN_tr/0000/8f53d4071f2dcd5f7ba9c1ec57b2c7cd": 1, "TerminalGrou/cef047cd/mdrun_shear_/0000/90f095796f90153570778cb945e8c5b2": 1, "TerminalGrou/cef047cd/shear_5nN_gr/0000/f574af98d666e13c1621af6b76abb962": 1, "TerminalGrou/cef047cd/fix_overlaps/0000/c715e7593be62949ee56e4e3500d62fb": 1, "TerminalGrou/cef047cd/shear_5nN_xt/0000/d8d26ef335de4604fee7e99f86de6421": 1, "TerminalGrou/cef047cd/shear_15nN_t/0000/77e86f3732ba3869e6efa0a9f904d67e": 1, "TerminalGrou/cef047cd/lmp_to_gmx/0000/8fa10ed12abf2988547db83798b3c32b": 1, "TerminalGrou/cef047cd/shear_25nN_g/0000/5d03062aef2af3e7ecf25a2507d9fc20": 1, "TerminalGrou/cef047cd/shear_25nN_t/0000/008609bd39afcf5ca0acebfff9ca4b8e": 1, "TerminalGrou/cef047cd/calc_frictio/0000/03bdcfc46d84b531bfd2d64b57d5d816": 1, "TerminalGrou/cef047cd/calc_cof/0000/24e7c1918b6342affe3b8b9fc3945395": 1, "TerminalGrou/cef047cd/mdrun_compre/0000/8c6f30fe41bcccbb4d7f689997ab7d8c": 1, "TerminalGrou/cef047cd/mdrun_shear_/0000/804fc60d23c28eefe0231aa5d319b58f": 1, "TerminalGrou/cef047cd/initialize_s/0000/a00ee79adf5eec0890c206644454b901": 1, "TerminalGrou/cef047cd/shear_15nN_x/0000/ad85f3a264daec3504ef566f578dbc32": 1, "TerminalGrou/cef047cd/mdrun_em/0000/4a6b65bcab948e4a1e68a5a5338ca5fc": 1}, "COF": 0.15241784230900096}