{"intercept": 0.9230228451078744, "_status": {"TerminalGrou/2ff38018/mdrun_em/0000/4aef0647f09bbce4b4018e3da314b770": 1, "TerminalGrou/2ff38018/mdrun_shear_/0000/87a75492defaa624da0f151ff2719a2c": 1, "TerminalGrou/2ff38018/mdrun_shear_/0000/6057bc7483af46f05ecd3a1ea1bfa026": 1, "TerminalGrou/2ff38018/lmp_to_gmx/0000/26068fc5bb354ce2199dbe33e674dc54": 1, "TerminalGrou/2ff38018/calc_frictio/0000/b123f109c6557e4ba42147986186c738": 1, "TerminalGrou/2ff38018/shear_5nN_gr/0000/6e61ca5781151889111d42f440746f40": 1, "TerminalGrou/2ff38018/shear_25nN_x/0000/86de3e678c5ecb66e1511f20a0cc689f": 1, "TerminalGrou/2ff38018/fix_overlaps/0000/10b962c8269a51cd12eb61375141aad5": 1, "TerminalGrou/2ff38018/shear_5nN_tr/0000/e084627ededb1ed7e108c7edf2a33654": 1, "TerminalGrou/2ff38018/calc_cof/0000/7500c6b48eec363862774ec3c591b68b": 1, "TerminalGrou/2ff38018/shear_15nN_x/0000/c2028f5b268042618d4cf1027bf34493": 1, "TerminalGrou/2ff38018/mdrun_shear_/0000/7dca6608f6535a6e32dfcc1864d5576c": 1, "TerminalGrou/2ff38018/mdrun_compre/0000/683d7ed9a7594e65076d0d4e42877bd9": 1, "TerminalGrou/2ff38018/shear_5nN_xt/0000/18adbe1a0e976fb86b5d1e86682c404a": 1, "TerminalGrou/2ff38018/nvt_equil_gr/0000/a775d9b281d92cc0cceca4d4c73b19bc": 1, "TerminalGrou/2ff38018/shear_25nN_t/0000/a774296cb4eaee2e63cc4052a7c5d3ab": 1, "TerminalGrou/2ff38018/em_grompp/0000/40f19289c7169544693a993ad98fb57d": 1, "TerminalGrou/2ff38018/shear_25nN_g/0000/b0915e368d9cb77cc3000a6387b3b0d2": 1, "TerminalGrou/2ff38018/compress_gro/0000/f0379866bcfd4cd112521dc141788399": 1, "TerminalGrou/2ff38018/initialize_s/0000/90af656c28298b3dd495f33b16890f18": 1, "TerminalGrou/2ff38018/shear_15nN_t/0000/18b39385ff0665a96b30eb7c9c590639": 1, "TerminalGrou/2ff38018/shear_15nN_g/0000/cc44267e689ee035b6f4ecb7ddd55069": 1, "TerminalGrou/2ff38018/mdrun_nvt/0000/cf9272eed2b260c8ccd6bb49374a7aa4": 1}, "COF": 0.14624601650851593}