{"intercept": 0.6534834690505575, "_status": {"TerminalGrou/fb1e6c41/shear_25nN_t/0000/56b0429c414b74e2ed6f140c5c4ea3b1": 1, "TerminalGrou/fb1e6c41/shear_15nN_g/0000/608163be45b9c19ad4a61121206af8a3": 1, "TerminalGrou/fb1e6c41/fix_overlaps/0000/7e8a5eedcf1e2c5d75783a0aa9c4d203": 1, "TerminalGrou/fb1e6c41/mdrun_compre/0000/0e7b9fb78248b424f045e3d20be800e1": 1, "TerminalGrou/fb1e6c41/mdrun_shear_/0000/54dddc0e53c1f00a5a8895a5676d0cfb": 1, "TerminalGrou/fb1e6c41/shear_25nN_g/0000/9989c19981443a0dbb01114333c589c0": 1, "TerminalGrou/fb1e6c41/shear_5nN_xt/0000/6da00b700ccef897af541038a27fbfdc": 1, "TerminalGrou/fb1e6c41/em_grompp/0000/ce1ce0608a3ab1e99887a01c5f9b254a": 1, "TerminalGrou/fb1e6c41/calc_cof/0000/c2aed6f382b805ebd8df43e90fe7e787": 1, "TerminalGrou/fb1e6c41/shear_15nN_t/0000/3bd3e6ba64cecb0986bde7840ecb98ce": 1, "TerminalGrou/fb1e6c41/mdrun_shear_/0000/c985ae2c7b3081cca28b71df02a7ca14": 1, "TerminalGrou/fb1e6c41/shear_5nN_gr/0000/137e9506f4a5cf3e9cfd2bb4491bb485": 1, "TerminalGrou/fb1e6c41/lmp_to_gmx/0000/1af20f92188418bed6b9b89e08523140": 1, "TerminalGrou/fb1e6c41/mdrun_em/0000/8f11d1e33e829c41834be7740e8bab0d": 1, "TerminalGrou/fb1e6c41/shear_15nN_x/0000/bafc4791524c1206d0a3575015f6235c": 1, "TerminalGrou/fb1e6c41/shear_5nN_tr/0000/7cf290c446bf722d7826cadf90e91ae0": 1, "TerminalGrou/fb1e6c41/mdrun_nvt/0000/c83b9eca12101426e6bbbd917b5778a6": 1, "TerminalGrou/fb1e6c41/nvt_equil_gr/0000/5ceda57af1f135c30d759b0a7f078326": 1, "TerminalGrou/fb1e6c41/initialize_s/0000/da50d37ccd73da7e16f87422784350f5": 1, "TerminalGrou/fb1e6c41/shear_25nN_x/0000/af45037760c154a5f3f092088bd8f464": 1, "TerminalGrou/fb1e6c41/compress_gro/0000/dc784656d3268c9d4ecfc23b81b0dbd6": 1, "TerminalGrou/fb1e6c41/calc_frictio/0000/68e548b4cdebd88cc6de82f1e95241b4": 1, "TerminalGrou/fb1e6c41/mdrun_shear_/0000/b50d9b332de53647e1cd79a981ce0c82": 1}, "COF": 0.14691568075517314}