{"intercept": 0.3249222383122503, "_status": {"TerminalGrou/39b697b6/mdrun_em/0000/32e3c96ba7b14673de296fa99aae27a4": 1, "TerminalGrou/39b697b6/shear_25nN_g/0000/686c9600da38f9a6f6788495ae795b58": 1, "TerminalGrou/39b697b6/shear_15nN_t/0000/535d0efeae0e360d763df8fa349d31be": 1, "TerminalGrou/39b697b6/mdrun_shear_/0000/42748aa8c0b3c41fc68320487f16d0c8": 1, "TerminalGrou/39b697b6/mdrun_compre/0000/ec83d34e73271ba75ef25779d9d814f9": 1, "TerminalGrou/39b697b6/shear_25nN_t/0000/a8616d77b6bd2305472416aa8fa5fcca": 1, "TerminalGrou/39b697b6/calc_cof/0000/48a86ea0182916f0959eeb9155399724": 1, "TerminalGrou/39b697b6/shear_5nN_xt/0000/ddcce25f6b389789bbdae933d5d9b22d": 1, "TerminalGrou/39b697b6/shear_5nN_tr/0000/bb2f056942a8789c10cc8675f5fcfec8": 1, "TerminalGrou/39b697b6/mdrun_shear_/0000/2dd7daaa71e6fa859c60c39668f26f4f": 1, "TerminalGrou/39b697b6/initialize_s/0000/57843d32d047b95df5adf4c5535e9baa": 1, "TerminalGrou/39b697b6/lmp_to_gmx/0000/8684949420056ec4513a266f55007c6f": 1, "TerminalGrou/39b697b6/fix_overlaps/0000/bcc82dfd03cccd23b3c1570a099b9880": 1, "TerminalGrou/39b697b6/mdrun_nvt/0000/14aa340dbf8efd1ab65754f68ad1f6dd": 1, "TerminalGrou/39b697b6/em_grompp/0000/5c35a7d62df673a0e7cf59bdb0a87721": 1, "TerminalGrou/39b697b6/calc_frictio/0000/bf0364ac56885945768895b61e486fce": 1, "TerminalGrou/39b697b6/compress_gro/0000/82ff3991cc05db5b2da9eedfc64b1e41": 1, "TerminalGrou/39b697b6/nvt_equil_gr/0000/073d486e4c13ee8629f822d23644129f": 1, "TerminalGrou/39b697b6/shear_15nN_g/0000/09c37cba5fb65fb78a0dc9d7de4230f5": 1, "TerminalGrou/39b697b6/shear_5nN_gr/0000/4bf7dc2cf88b20184da503429e35757d": 1, "TerminalGrou/39b697b6/shear_25nN_x/0000/96312fac3ba7224b31112a4482e6ceed": 1, "TerminalGrou/39b697b6/shear_15nN_x/0000/a21196cb9d45ec301bc957b8a1cafe27": 1, "TerminalGrou/39b697b6/mdrun_shear_/0000/757f0c007298faf9d898a95537ea6d12": 1}, "COF": 0.15321813349149327}