{"intercept": 0.8599825422622982, "_status": {"TerminalGrou/89025994/mdrun_shear_/0000/b82a53238f839dcde3ed7b81aa258a9e": 1, "TerminalGrou/89025994/mdrun_compre/0000/2eb0fcdbe2bb319ad7eb98c32e3f52dc": 1, "TerminalGrou/89025994/shear_15nN_g/0000/14a127207d50deb5e6bdddd84e8aa6e2": 1, "TerminalGrou/89025994/compress_gro/0000/27dd0acdf1a021f40db8e129b4445e4b": 1, "TerminalGrou/89025994/mdrun_nvt/0000/9762e7751aeec55fa5699080c1208835": 1, "TerminalGrou/89025994/calc_cof/0000/c1522270af3606000fd57a268160b0b4": 1, "TerminalGrou/89025994/fix_overlaps/0000/c01d0374f3dc8cec0ba0def17f05b096": 1, "TerminalGrou/89025994/mdrun_shear_/0000/ea547f96058b915c4dec882e99703107": 1, "TerminalGrou/89025994/shear_5nN_gr/0000/0de009fc9da58a904f29222c5d5fa5e7": 1, "TerminalGrou/89025994/mdrun_shear_/0000/c983cc401ba524d79c5a9f17b0e61fab": 1, "TerminalGrou/89025994/shear_5nN_xt/0000/b80315b85d786ca11e64aa4d8aae457b": 1, "TerminalGrou/89025994/shear_25nN_g/0000/f4f87ef2a0e25097920cd505973e43e9": 1, "TerminalGrou/89025994/shear_15nN_x/0000/f217b66a833abd8e8321722b0a66ab54": 1, "TerminalGrou/89025994/nvt_equil_gr/0000/0877db5734206a569ca02ed36a49ab56": 1, "TerminalGrou/89025994/em_grompp/0000/bf3ab698adc6adcff0a47ced4c7ec139": 1, "TerminalGrou/89025994/shear_5nN_tr/0000/b9f2c8fcb0d3c439fde934b7d814c5a9": 1, "TerminalGrou/89025994/shear_15nN_t/0000/366cf052fd7e6ece1c19fa3cfcf504f1": 1, "TerminalGrou/89025994/mdrun_em/0000/470c3c0abeb648f6e0bbe4766cd238f6": 1, "TerminalGrou/89025994/shear_25nN_t/0000/0bd772c46d89df22f05380af7ff08697": 1, "TerminalGrou/89025994/shear_25nN_x/0000/258cb30d0e9add5b1ed77dd267dc4b82": 1, "TerminalGrou/89025994/calc_frictio/0000/c757cf6ad1b2c2b7265e0907b7db927e": 1, "TerminalGrou/89025994/initialize_s/0000/c72f5c24f475e90f129a192b91c68245": 1, "TerminalGrou/89025994/lmp_to_gmx/0000/e14fee721a7ca4f763775aeabbcfcda9": 1}, "COF": 0.14182889150804334}