{"intercept": 0.7194126930659821, "_status": {"TerminalGrou/fe81ba9e/shear_5nN_xt/0000/40e6280aad15a71dc7d1c0242c0707df": 1, "TerminalGrou/fe81ba9e/em_grompp/0000/92deb3b1ca892a21d76e26d678d5adbc": 1, "TerminalGrou/fe81ba9e/shear_5nN_gr/0000/4e899f6d35b5918387a2c4360dbef2b1": 1, "TerminalGrou/fe81ba9e/shear_15nN_g/0000/fe0fc6a20d33124825afae2c8328712c": 1, "TerminalGrou/fe81ba9e/shear_5nN_tr/0000/eb19230c1d2b9e0a59dd1f069d838fb1": 1, "TerminalGrou/fe81ba9e/shear_15nN_t/0000/85e17cc942e74581b09714e195688999": 1, "TerminalGrou/fe81ba9e/mdrun_shear_/0000/12a04fd910c633195a5840d99d4b33e9": 1, "TerminalGrou/fe81ba9e/fix_overlaps/0000/b4330d4a1dd5a748a7b99c922a8639a9": 1, "TerminalGrou/fe81ba9e/calc_cof/0000/806e550479959758cc942561bcbd89c6": 1, "TerminalGrou/fe81ba9e/shear_25nN_t/0000/3f9cfeedd3d66d0ddc32a2e97d6d11c2": 1, "TerminalGrou/fe81ba9e/mdrun_em/0000/4cb08f637f65c3ca6b1c5be9f008eece": 1, "TerminalGrou/fe81ba9e/initialize_s/0000/0b40ddc5c088291e2a9f7fb23cb4f2ad": 1, "TerminalGrou/fe81ba9e/compress_gro/0000/d6191da542a7f98477f8d9415889dce6": 1, "TerminalGrou/fe81ba9e/lmp_to_gmx/0000/69726bba3efd773b1b0974f1a54d1dde": 1, "TerminalGrou/fe81ba9e/shear_25nN_g/0000/988918a81cdf4b5d70c681b2ebb985a6": 1, "TerminalGrou/fe81ba9e/mdrun_shear_/0000/b203bae952d2d337babf1b63344f7e2f": 1, "TerminalGrou/fe81ba9e/nvt_equil_gr/0000/d91c00557b5414dfea39a0c9d315e413": 1, "TerminalGrou/fe81ba9e/shear_25nN_x/0000/d32fd45da09a3bdf92ca0a84f1f76ddb": 1, "TerminalGrou/fe81ba9e/mdrun_compre/0000/2cb0b7efe91e882058b57a9c01426706": 1, "TerminalGrou/fe81ba9e/mdrun_shear_/0000/093aa7d5fb3cb1b02185e1d2e88989e6": 1, "TerminalGrou/fe81ba9e/shear_15nN_x/0000/46559f66189bc495ad238e5a580aa25e": 1, "TerminalGrou/fe81ba9e/mdrun_nvt/0000/40a2f72b980048aa9ba7f4ddd8ec2b21": 1, "TerminalGrou/fe81ba9e/calc_frictio/0000/d2f48cf9f96c1b3912ebe244fad91de5": 1}, "COF": 0.1143045675797134}