{"intercept": 3.516278855377651, "_status": {"TerminalGrou/320c1973/shear_15nN_t/0000/2c69d20532547ebb06ef24d26fa183f8": 1, "TerminalGrou/320c1973/fix_overlaps/0000/3d6d8f37ce65ec89b27356eba51943ac": 1, "TerminalGrou/320c1973/shear_5nN_tr/0000/e0a91332d75fbf0eb3f6ef68d1ccc0de": 1, "TerminalGrou/320c1973/shear_25nN_x/0000/c3ccf484b2828087b585ca32d8e58bae": 1, "TerminalGrou/320c1973/initialize_s/0000/9cddea3ac758d719e31b8401db66dd42": 1, "TerminalGrou/320c1973/shear_5nN_xt/0000/d75be438b1d08ad89f218e222232f503": 1, "TerminalGrou/320c1973/calc_cof/0000/3905e3864249162e282d2246a0131dbb": 1, "TerminalGrou/320c1973/calc_frictio/0000/ede3598d80252e308a5e1290fa57f587": 1, "TerminalGrou/320c1973/mdrun_compre/0000/a19f43fcb38ba4ac98b207134365592d": 1, "TerminalGrou/320c1973/shear_25nN_g/0000/a53c5e1d1aea58af4f456d4fedb1135b": 1, "TerminalGrou/320c1973/shear_25nN_t/0000/ff73f9274ae112e40cb363918828eef0": 1, "TerminalGrou/320c1973/mdrun_shear_/0000/c321128df86cd37e09beab440801fe4d": 1, "TerminalGrou/320c1973/mdrun_shear_/0000/aa7ef5cdd0895d4ce513fd4a9e81390a": 1, "TerminalGrou/320c1973/shear_5nN_gr/0000/f528276310859f577ba74ef54d4447de": 1, "TerminalGrou/320c1973/compress_gro/0000/1c8c1a03874f83bf13b8a087719e36fc": 1, "TerminalGrou/320c1973/mdrun_shear_/0000/324b68ea475d4db1d6c42e4321600ee4": 1, "TerminalGrou/320c1973/mdrun_nvt/0000/adf14e118bdceb59a2cc3b4c71332687": 1, "TerminalGrou/320c1973/nvt_equil_gr/0000/c76e66c100ddeba29a1dcf61a1a0644e": 1, "TerminalGrou/320c1973/em_grompp/0000/e4afbbed5c3ae6ea56d796f80bda0794": 1, "TerminalGrou/320c1973/lmp_to_gmx/0000/2f571a922c69a97fb4f66a627e52aa17": 1, "TerminalGrou/320c1973/shear_15nN_g/0000/7aa1b18cf9e572b51e51e84bedd056ea": 1, "TerminalGrou/320c1973/shear_15nN_x/0000/916c1e28eb7e33cda16bd30000bdfc5d": 1, "TerminalGrou/320c1973/mdrun_em/0000/0bddef6397974dcd6aecd69237217a8d": 1}, "COF": 0.1305064900642342}