{"intercept": 1.3311319648577538, "_status": {"TerminalGrou/33d120a9/shear_5nN_tr/0000/e1b0542d7a08a0ada466658f4d7dac8b": 1, "TerminalGrou/33d120a9/mdrun_shear_/0000/2c8632060740d9b733c84ad1d2768d21": 1, "TerminalGrou/33d120a9/shear_5nN_gr/0000/eacd9ee15b33493136638626cc7d003a": 1, "TerminalGrou/33d120a9/fix_overlaps/0000/19a562312c876d57215eeb90c3c74b7e": 1, "TerminalGrou/33d120a9/shear_15nN_t/0000/761e744aaeaa35b09de367e7783d22f5": 1, "TerminalGrou/33d120a9/mdrun_shear_/0000/0e1ee8747f70b2ad7220352c6a14c3d4": 1, "TerminalGrou/33d120a9/em_grompp/0000/deffd89610a37abacb334b310124f937": 1, "TerminalGrou/33d120a9/calc_cof/0000/ceb50627fc3819dabe808e4d14ee6ef6": 1, "TerminalGrou/33d120a9/compress_gro/0000/87a8af50076a76932502dff9bae35db9": 1, "TerminalGrou/33d120a9/mdrun_shear_/0000/edeefd5e6af45c85662d991625430dac": 1, "TerminalGrou/33d120a9/mdrun_nvt/0000/0036caaee5d90cecbad02ef97d9376c6": 1, "TerminalGrou/33d120a9/nvt_equil_gr/0000/bc86c41804f2dc1a5ad7c067cebb88de": 1, "TerminalGrou/33d120a9/lmp_to_gmx/0000/e7a27d80ef616b5a557d6c2e3a710fc8": 1, "TerminalGrou/33d120a9/shear_25nN_g/0000/b399cdbc1cc351476ce0cbbc83e1680a": 1, "TerminalGrou/33d120a9/shear_25nN_x/0000/944c93aa8b06aa1ed13a2d3172e625ac": 1, "TerminalGrou/33d120a9/shear_5nN_xt/0000/d7eb920ff5803841f500b9f75547285d": 1, "TerminalGrou/33d120a9/mdrun_compre/0000/883f79c0a41567814a517369a92882fd": 1, "TerminalGrou/33d120a9/calc_frictio/0000/c01410ae430cacd4fac81742e256b1a2": 1, "TerminalGrou/33d120a9/shear_15nN_g/0000/281af70f92efccb0a9e61f6d81b52502": 1, "TerminalGrou/33d120a9/shear_25nN_t/0000/72905b211f0af7d048c1122e7629b7cc": 1, "TerminalGrou/33d120a9/initialize_s/0000/eb3ebeb39358eac7eb68feb23c77b43b": 1, "TerminalGrou/33d120a9/shear_15nN_x/0000/026ea002e802c78e9a34277cebfeb0d0": 1, "TerminalGrou/33d120a9/mdrun_em/0000/0a027d80e1ad009a7312f63e688be732": 1}, "COF": 0.14952229867392128}