{"intercept": 3.423787436414725, "_status": {"TerminalGrou/83e1121f/shear_15nN_x/0000/202891edb154bf3a06f991895560f379": 1, "TerminalGrou/83e1121f/nvt_equil_gr/0000/b81fa4b890b74fee1f2396bf0c5e559f": 1, "TerminalGrou/83e1121f/mdrun_shear_/0000/db56fa38be50ad16afe617a1c55f2753": 1, "TerminalGrou/83e1121f/shear_5nN_xt/0000/c25e884d8f8a515a4c17117006e7f2ed": 1, "TerminalGrou/83e1121f/shear_25nN_g/0000/00df650d1964891c6c05b85cc55227f9": 1, "TerminalGrou/83e1121f/calc_frictio/0000/fc48eaf5378cd3a97c7d9ad9259cef82": 1, "TerminalGrou/83e1121f/em_grompp/0000/dfa0eb78b32f70d3739f313ce57edee4": 1, "TerminalGrou/83e1121f/fix_overlaps/0000/3892ae7fdabf0cbe200e5afeab012ae7": 1, "TerminalGrou/83e1121f/shear_15nN_g/0000/c36782ba78ba22a7082f1e505207a0b0": 1, "TerminalGrou/83e1121f/mdrun_shear_/0000/9ee2dd156ff2d4cad3bc3419ebae98e7": 1, "TerminalGrou/83e1121f/compress_gro/0000/a7b447c10ffde01a36fb550e048ea0ed": 1, "TerminalGrou/83e1121f/shear_15nN_t/0000/4aefa77e52fa2e313a5444c63b21dbb7": 1, "TerminalGrou/83e1121f/mdrun_compre/0000/b79dcda2f0fb0ce84f67ac5019453431": 1, "TerminalGrou/83e1121f/initialize_s/0000/234c8a51ac763aeb5f9b4abcc46bd110": 1, "TerminalGrou/83e1121f/shear_5nN_gr/0000/bd55aa2d52c6e72f5d44fd42c61f74a9": 1, "TerminalGrou/83e1121f/shear_5nN_tr/0000/60b2c04ab43a97443d648abcf326c2cc": 1, "TerminalGrou/83e1121f/mdrun_nvt/0000/c39c63f2a68a0a8e3889ed096446bb46": 1, "TerminalGrou/83e1121f/shear_25nN_t/0000/aa62bcb2f3cdcba340768380456a549f": 1, "TerminalGrou/83e1121f/lmp_to_gmx/0000/f3ea6359a84d220f01847479b219927a": 1, "TerminalGrou/83e1121f/shear_25nN_x/0000/4185f072399dea9873dfb359f363c79c": 1, "TerminalGrou/83e1121f/mdrun_shear_/0000/6f16f2b68b2864ce4337c2818d478d9b": 1, "TerminalGrou/83e1121f/mdrun_em/0000/829453dc1a9dcd224d3baca32f50d0d0": 1, "TerminalGrou/83e1121f/calc_cof/0000/3d9976258b085a8adda74e27b7dcd897": 1}, "COF": 0.13407917870726385}