{"intercept": 1.625869913613506, "_status": {"TerminalGrou/a74afc2f/mdrun_nvt/0000/09a60deb3bd136e58eb9eddb520a5326": 1, "TerminalGrou/a74afc2f/shear_15nN_g/0000/763e50fd7409045f51ecb4434c47ce8c": 1, "TerminalGrou/a74afc2f/shear_15nN_t/0000/3ac758a7b8e4344ad9e8d1ea9e199b1f": 1, "TerminalGrou/a74afc2f/shear_5nN_tr/0000/60f4f0eb35e5690800a1ecb3563e7319": 1, "TerminalGrou/a74afc2f/mdrun_shear_/0000/e1c7ef796f621322063e7b505b363864": 1, "TerminalGrou/a74afc2f/compress_gro/0000/0677f956462119bcf3fb561a3043d2b9": 1, "TerminalGrou/a74afc2f/shear_25nN_g/0000/f244d20f3783fd674b529e5e4f36b55d": 1, "TerminalGrou/a74afc2f/fix_overlaps/0000/83766d06a0453b97c86ca37231750675": 1, "TerminalGrou/a74afc2f/initialize_s/0000/aabc83c91e3c6a2547e7de7b34b9333d": 1, "TerminalGrou/a74afc2f/calc_cof/0000/2f9e3fe0fa23671fb41bbfeb68a210d3": 1, "TerminalGrou/a74afc2f/mdrun_compre/0000/e1c716326d9467a1a51c560c93a666dd": 1, "TerminalGrou/a74afc2f/shear_5nN_gr/0000/8966c8daf43ece8d9d3ca29518b7a013": 1, "TerminalGrou/a74afc2f/em_grompp/0000/a2978e1f73acc218de13705754dd3a30": 1, "TerminalGrou/a74afc2f/nvt_equil_gr/0000/a702371197f03a93ea7bdb34cca8a731": 1, "TerminalGrou/a74afc2f/shear_15nN_x/0000/d4958da9588f7788b196d339fae5bd3e": 1, "TerminalGrou/a74afc2f/mdrun_em/0000/d1f12ee229edda5c8b11e71bddc31fdc": 1, "TerminalGrou/a74afc2f/mdrun_shear_/0000/95c21c278b2944ff28c383da1a3204d9": 1, "TerminalGrou/a74afc2f/shear_5nN_xt/0000/7184ae68415960b9fa33b493786c0333": 1, "TerminalGrou/a74afc2f/calc_frictio/0000/c27a1dcb7af2cc417150ca55c98fcf4c": 1, "TerminalGrou/a74afc2f/shear_25nN_x/0000/aafd0ed7e0cb689aae5f65ad180fb097": 1, "TerminalGrou/a74afc2f/mdrun_shear_/0000/f1587c15a710f4cad79730b934c28dd9": 1, "TerminalGrou/a74afc2f/lmp_to_gmx/0000/d971442af1108baa4e9801f54f5a6bda": 1, "TerminalGrou/a74afc2f/shear_25nN_t/0000/4119d7a8791a32611a62acb68e6b52ab": 1}, "COF": 0.1395184968797072}