{"intercept": 0.26024322348660345, "_status": {"TerminalGrou/74671a11/em_grompp/0000/96f84e0f782dcbc1bf992e171ec4a383": 1, "TerminalGrou/74671a11/compress_gro/0000/86219b6dee1dad4894cb972a0229f15c": 1, "TerminalGrou/74671a11/nvt_equil_gr/0000/fe00689b15e55f586de54c344214e2eb": 1, "TerminalGrou/74671a11/shear_25nN_t/0000/38eec7eb7a6138f2c80b204eea045500": 1, "TerminalGrou/74671a11/calc_cof/0000/230163a662561dd4f7b8b670282f0987": 1, "TerminalGrou/74671a11/mdrun_compre/0000/c335604bc8a51790e34d802d298d1c42": 1, "TerminalGrou/74671a11/mdrun_shear_/0000/82117239cf4085c31f90e3d1d4333604": 1, "TerminalGrou/74671a11/shear_5nN_tr/0000/84dadf648a4cb846abb5ff30209e478b": 1, "TerminalGrou/74671a11/shear_5nN_gr/0000/288a7a1fb4a84236258ae991254586d7": 1, "TerminalGrou/74671a11/lmp_to_gmx/0000/b34da573a112e9c47bf765509dd25532": 1, "TerminalGrou/74671a11/shear_5nN_xt/0000/4b51bd9c262700d226bf52a1ce806d85": 1, "TerminalGrou/74671a11/shear_25nN_x/0000/a959b6d8a60b049e1be1070527a630b4": 1, "TerminalGrou/74671a11/shear_15nN_g/0000/b599204d7d6bbcb10295b6a9aaa4fdbe": 1, "TerminalGrou/74671a11/mdrun_shear_/0000/a1a09cc5cd1f5c3e0e86dc1440927c87": 1, "TerminalGrou/74671a11/mdrun_em/0000/cda9f42fea4adddd0d3c898228662ba3": 1, "TerminalGrou/74671a11/initialize_s/0000/fee24af62fced8a53c2c45c85c662651": 1, "TerminalGrou/74671a11/shear_15nN_t/0000/ea3ad87e60fd652d0926f369f79c6f54": 1, "TerminalGrou/74671a11/shear_15nN_x/0000/fad5fa8fc0633d205be59e4b22d33010": 1, "TerminalGrou/74671a11/calc_frictio/0000/4fbf23cee88b09af8f3c7daba1ef082e": 1, "TerminalGrou/74671a11/fix_overlaps/0000/6ab6e82bad67f24a3bf5ad3a413ce269": 1, "TerminalGrou/74671a11/mdrun_shear_/0000/b13138b7e388e05c5da6eaf05f05764a": 1, "TerminalGrou/74671a11/shear_25nN_g/0000/7d9e65763800382011fa9c591760b6ba": 1, "TerminalGrou/74671a11/mdrun_nvt/0000/e42a80d3008dbe422acac8c2d41e7797": 1}, "COF": 0.14761091125316794}